mondo_id	mondo_label	synonym_scope_source	synonym_scope_mondo	synonym	source_id	source_label	synonym_type	synonym_type_mondo	mondo_evidence	case	exact_synonym	exact_source_id	exact_synonym_type	broad_synonym	broad_source_id	broad_synonym_type	narrow_synonym	narrow_source_id	narrow_synonym_type	related_synonym	related_source_id	related_synonym_type
ID											A oboInOwl:hasExactSynonym	>A oboInOwl:hasDbXref	>AI oboInOwl:hasSynonymType SPLIT=|	A oboInOwl:hasBroadSynonym	>A oboInOwl:hasDbXref	>AI oboInOwl:hasSynonymType SPLIT=|	A oboInOwl:hasNarrowSynonym	>A oboInOwl:hasDbXref	>AI oboInOwl:hasSynonymType SPLIT=|	A oboInOwl:hasRelatedSynonym	>A oboInOwl:hasDbXref	>AI oboInOwl:hasSynonymType SPLIT=|
MONDO:0000690	body dysmorphic disorder	oio:hasExactSynonym		dysmorphophobia	ICD10CM:F45.22	Body dysmorphic disorder	http://purl.obolibrary.org/obo/mondo#GENERATED				dysmorphophobia	ICD10CM:F45.22	http://purl.obolibrary.org/obo/mondo#GENERATED									
MONDO:0000754	anal fistula	oio:hasExactSynonym		anal fistula	ICD10CM:K60.3	Anal fistula					anal fistula	ICD10CM:K60.3										
MONDO:0000816	abdominal obesity-metabolic syndrome	oio:hasExactSynonym		metabolic syndrome	ICD10CM:E88.81	Metabolic syndrome					metabolic syndrome	ICD10CM:E88.81										
MONDO:0000987	cholesterolosis of gallbladder	oio:hasExactSynonym		strawberry gallbladder	ICD10CM:K82.4	Cholesterolosis of gallbladder					strawberry gallbladder	ICD10CM:K82.4										
MONDO:0000989	mumps infectious disease	oio:hasExactSynonym		epidemic parotitis	ICD10CM:B26	Mumps					epidemic parotitis	ICD10CM:B26										
MONDO:0000989	mumps infectious disease	oio:hasExactSynonym		mumps	ICD10CM:B26	Mumps					mumps	ICD10CM:B26										
MONDO:0001009	solitary cyst of breast	oio:hasExactSynonym		solitary cyst of breast	ICD10CM:N60.0	Solitary cyst of breast					solitary cyst of breast	ICD10CM:N60.0										
MONDO:0001039	tonsillitis	oio:hasExactSynonym		chronic tonsillitis	ICD10CM:J35.01	Chronic tonsillitis					chronic tonsillitis	ICD10CM:J35.01										
MONDO:0001049	Dressler syndrome	oio:hasExactSynonym		Dressler's syndrome	ICD10CM:I24.1	Dressler's syndrome					Dressler's syndrome	ICD10CM:I24.1										
MONDO:0001049	Dressler syndrome	oio:hasExactSynonym		postmyocardial infarction syndrome	ICD10CM:I24.1	Dressler's syndrome					postmyocardial infarction syndrome	ICD10CM:I24.1										
MONDO:0001056	gastric cancer	oio:hasExactSynonym		malignant neoplasm of stomach	ICD10CM:C16	Malignant neoplasm of stomach					malignant neoplasm of stomach	ICD10CM:C16										
MONDO:0001066	late yaws	oio:hasExactSynonym		gummatous frambeside	ICD10CM:A66.4	Gummata and ulcers of yaws					gummatous frambeside	ICD10CM:A66.4										
MONDO:0001066	late yaws	oio:hasExactSynonym		nodular late yaws	ICD10CM:A66.4	Gummata and ulcers of yaws	http://purl.obolibrary.org/obo/mondo#GENERATED				nodular late yaws	ICD10CM:A66.4	http://purl.obolibrary.org/obo/mondo#GENERATED									
MONDO:0001071	intellectual disability	oio:hasExactSynonym		intellectual disabilities	ICD10CM:F70-F79	Intellectual Disabilities (F70-F79)	http://purl.obolibrary.org/obo/mondo#GENERATED				intellectual disabilities	ICD10CM:F70-F79	http://purl.obolibrary.org/obo/mondo#GENERATED									
MONDO:0001074	chronic tic disorder	oio:hasExactSynonym		chronic motor or vocal tic disorder	ICD10CM:F95.1	Chronic motor or vocal tic disorder					chronic motor or vocal tic disorder	ICD10CM:F95.1										
MONDO:0001078	tropical sprue	oio:hasExactSynonym		tropical steatorrhea	ICD10CM:K90.1	Tropical sprue					tropical steatorrhea	ICD10CM:K90.1										
MONDO:0001113	Fiedler's myocarditis	oio:hasExactSynonym		idiopathic myocarditis	ICD10CM:I40.1	Isolated myocarditis					idiopathic myocarditis	ICD10CM:I40.1										
MONDO:0001114	bacterial myocarditis	oio:hasExactSynonym		septic myocarditis	ICD10CM:I40.0	Infective myocarditis					septic myocarditis	ICD10CM:I40.0										
MONDO:0001126	gastric ulcer	oio:hasExactSynonym		gastric ulcer	ICD10CM:K25	Gastric ulcer					gastric ulcer	ICD10CM:K25										
MONDO:0001132	sexual sadism disorder	oio:hasExactSynonym		sexual sadism	ICD10CM:F65.52	Sexual sadism					sexual sadism	ICD10CM:F65.52										
MONDO:0001137	Murray valley encephalitis	oio:hasExactSynonym		Australian encephalitis	ICD10CM:A83.4	Australian encephalitis					Australian encephalitis	ICD10CM:A83.4										
MONDO:0001139	sexual masochism disorder	oio:hasExactSynonym		sexual masochism	ICD10CM:F65.51	Sexual masochism					sexual masochism	ICD10CM:F65.51										
MONDO:0001155	gastrojejunal ulcer	oio:hasExactSynonym		acute gastrojejunal ulcer with hemorrhage	ICD10CM:K28.0	Acute gastrojejunal ulcer with hemorrhage					acute gastrojejunal ulcer with hemorrhage	ICD10CM:K28.0										
MONDO:0001159	multiple personality disorder	oio:hasExactSynonym		dissociative identity disorder	ICD10CM:F44.81	Dissociative identity disorder					dissociative identity disorder	ICD10CM:F44.81										
MONDO:0001164	antisocial personality disorder	oio:hasExactSynonym		dissocial personality disorder	ICD10CM:F60.2	Antisocial personality disorder					dissocial personality disorder	ICD10CM:F60.2										
MONDO:0001164	antisocial personality disorder	oio:hasExactSynonym		asocial personality	ICD10CM:F60.2	Antisocial personality disorder	http://purl.obolibrary.org/obo/mondo#GENERATED				asocial personality	ICD10CM:F60.2	http://purl.obolibrary.org/obo/mondo#GENERATED									
MONDO:0001164	antisocial personality disorder	oio:hasExactSynonym		psychopathic personality	ICD10CM:F60.2	Antisocial personality disorder	http://purl.obolibrary.org/obo/mondo#GENERATED				psychopathic personality	ICD10CM:F60.2	http://purl.obolibrary.org/obo/mondo#GENERATED									
MONDO:0001164	antisocial personality disorder	oio:hasExactSynonym		sociopathic personality	ICD10CM:F60.2	Antisocial personality disorder	http://purl.obolibrary.org/obo/mondo#GENERATED				sociopathic personality	ICD10CM:F60.2	http://purl.obolibrary.org/obo/mondo#GENERATED									
MONDO:0001195	spotted fever	oio:hasExactSynonym		spotted fever	ICD10CM:A77	Spotted fever [tick-borne rickettsioses]	http://purl.obolibrary.org/obo/mondo#GENERATED				spotted fever	ICD10CM:A77	http://purl.obolibrary.org/obo/mondo#GENERATED									
MONDO:0001202	prostatic cyst	oio:hasExactSynonym		cyst of prostate	ICD10CM:N42.83	Cyst of prostate					cyst of prostate	ICD10CM:N42.83										
MONDO:0001207	neonatal respiratory failure	oio:hasExactSynonym		respiratory failure of newborn	ICD10CM:P28.5	Respiratory failure of newborn					respiratory failure of newborn	ICD10CM:P28.5										
MONDO:0001221	esophageal varices	oio:hasExactSynonym		esophageal varices	ICD10CM:I85	Esophageal varices					esophageal varices	ICD10CM:I85										
MONDO:0001224	Angelucci syndrome	oio:hasExactSynonym		acute atopic conjunctivitis	ICD10CM:H10.1	Acute atopic conjunctivitis					acute atopic conjunctivitis	ICD10CM:H10.1										
MONDO:0001234	adhesive otitis media	oio:hasExactSynonym		adhesive middle ear disease	ICD10CM:H74.1	Adhesive middle ear disease					adhesive middle ear disease	ICD10CM:H74.1										
MONDO:0001238	polycythemia neonatorum	oio:hasExactSynonym		polycythemia neonatorum	ICD10CM:P61.1	Polycythemia neonatorum					polycythemia neonatorum	ICD10CM:P61.1										
MONDO:0001244	vitamin K deficiency hemorrhagic disease	oio:hasExactSynonym		deficiency of vitamin K	ICD10CM:E56.1	Deficiency of vitamin K					deficiency of vitamin K	ICD10CM:E56.1										
MONDO:0001258	vertebral artery occlusion	oio:hasExactSynonym		occlusion and stenosis of vertebral artery	ICD10CM:I65.0	Occlusion and stenosis of vertebral artery					occlusion and stenosis of vertebral artery	ICD10CM:I65.0										
MONDO:0001268	gingival recession	oio:hasExactSynonym		gingival recession	ICD10CM:K06.0	Gingival recession					gingival recession	ICD10CM:K06.0										
MONDO:0001268	gingival recession	oio:hasExactSynonym		gingival recession	ICD10CM:K06.0	Gingival recession	http://purl.obolibrary.org/obo/mondo#GENERATED				gingival recession	ICD10CM:K06.0	http://purl.obolibrary.org/obo/mondo#GENERATED									
MONDO:0001276	expressive language disorder	oio:hasExactSynonym		expressive language disorder	ICD10CM:F80.1	Expressive language disorder					expressive language disorder	ICD10CM:F80.1										
MONDO:0001286	exotropia	oio:hasExactSynonym		divergent concomitant strabismus	ICD10CM:H50.1	Exotropia					divergent concomitant strabismus	ICD10CM:H50.1										
MONDO:0001293	subglottis cancer	oio:hasExactSynonym		malignant neoplasm of subglottis	ICD10CM:C32.2	Malignant neoplasm of subglottis					malignant neoplasm of subglottis	ICD10CM:C32.2										
MONDO:0001296	acquired night blindness	oio:hasExactSynonym		acquired night blindness	ICD10CM:H53.62	Acquired night blindness					acquired night blindness	ICD10CM:H53.62										
MONDO:0001305	laryngostenosis	oio:hasExactSynonym		stenosis of larynx	ICD10CM:J38.6	Stenosis of larynx					stenosis of larynx	ICD10CM:J38.6										
MONDO:0001326	dental pulp necrosis	oio:hasExactSynonym		necrosis of pulp	ICD10CM:K04.1	Necrosis of pulp					necrosis of pulp	ICD10CM:K04.1										
MONDO:0001338	acute apical periodontitis	oio:hasExactSynonym		acute apical periodontitis of pulpal origin	ICD10CM:K04.4	Acute apical periodontitis of pulpal origin					acute apical periodontitis of pulpal origin	ICD10CM:K04.4										
MONDO:0001361	spontaneous ocular nystagmus	oio:hasExactSynonym		visual deprivation nystagmus	ICD10CM:H55.03	Visual deprivation nystagmus					visual deprivation nystagmus	ICD10CM:H55.03										
MONDO:0001384	myopia	oio:hasExactSynonym		myopia	ICD10CM:H52.1	Myopia					myopia	ICD10CM:H52.1										
MONDO:0001396	abnormal threshold of rods	oio:hasExactSynonym		abnormal dark adaptation curve	ICD10CM:H53.61	Abnormal dark adaptation curve					abnormal dark adaptation curve	ICD10CM:H53.61										
MONDO:0001407	tracheal cancer	oio:hasExactSynonym		malignant neoplasm of trachea	ICD10CM:C33	Malignant neoplasm of trachea					malignant neoplasm of trachea	ICD10CM:C33										
MONDO:0001422	primary aldosteronism	oio:hasExactSynonym		primary hyperaldosteronism	ICD10CM:E26.0	Primary hyperaldosteronism					primary hyperaldosteronism	ICD10CM:E26.0										
MONDO:0001427	Dieulafoy lesion	oio:hasExactSynonym		Dieulafoy lesion (hemorrhagic) of stomach and duodenum	ICD10CM:K31.82	Dieulafoy lesion (hemorrhagic) of stomach and duodenum					Dieulafoy lesion (hemorrhagic) of stomach and duodenum	ICD10CM:K31.82										
MONDO:0001442	dysthymic disorder	oio:hasExactSynonym		dysthymia	ICD10CM:F34.1	Dysthymic disorder					dysthymia	ICD10CM:F34.1										
MONDO:0001444	Chagas disease	oio:hasExactSynonym		Chagas' disease	ICD10CM:B57	Chagas' disease					Chagas' disease	ICD10CM:B57										
MONDO:0001449	lymphocytic choriomeningitis	oio:hasExactSynonym		lymphocytic meningoencephalitis	ICD10CM:A87.2	Lymphocytic choriomeningitis					lymphocytic meningoencephalitis	ICD10CM:A87.2										
MONDO:0001451	peripheral retinal degeneration	oio:hasExactSynonym		peripheral retinal Degeneration	ICD10CM:H35.4	Peripheral retinal degeneration					peripheral retinal Degeneration	ICD10CM:H35.4										
MONDO:0001478	anisometropia	oio:hasExactSynonym		anisometropia	ICD10CM:H52.31	Anisometropia					anisometropia	ICD10CM:H52.31										
MONDO:0001479	cutaneous diphtheria	oio:hasExactSynonym		cutaneous diphtheria	ICD10CM:A36.3	Cutaneous diphtheria					cutaneous diphtheria	ICD10CM:A36.3										
MONDO:0001484	paranoid schizophrenia	oio:hasExactSynonym		paraphrenic schizophrenia	ICD10CM:F20.0	Paranoid schizophrenia					paraphrenic schizophrenia	ICD10CM:F20.0										
MONDO:0001490	corneal granular dystrophy	oio:hasExactSynonym		granular corneal dystrophy	ICD10CM:H18.53	Granular corneal dystrophy					granular corneal dystrophy	ICD10CM:H18.53										
MONDO:0001498	varicocele	oio:hasExactSynonym		scrotal varices	ICD10CM:I86.1	Scrotal varices					scrotal varices	ICD10CM:I86.1										
MONDO:0001504	fetishistic disorder	oio:hasExactSynonym		fetishism	ICD10CM:F65.0	Fetishism		http://purl.obolibrary.org/obo/mondo#DEPRECATED			fetishism	ICD10CM:F65.0										
MONDO:0001505	alcoholic hepatitis	oio:hasExactSynonym		alcoholic Hepatitis	ICD10CM:K70.1	Alcoholic hepatitis					alcoholic Hepatitis	ICD10CM:K70.1										
MONDO:0001505	alcoholic hepatitis	oio:hasExactSynonym		alcoholic hepatitis	ICD10CM:K70.1	Alcoholic hepatitis					alcoholic hepatitis	ICD10CM:K70.1										
MONDO:0001514	prolapse of urethra	oio:hasExactSynonym		urethrocele	ICD10CM:N81.0	Urethrocele					urethrocele	ICD10CM:N81.0										
MONDO:0001520	kleptomania	oio:hasExactSynonym		kleptomania	ICD10CM:F63.2	Kleptomania					kleptomania	ICD10CM:F63.2										
MONDO:0001520	kleptomania	oio:hasExactSynonym		pathological stealing	ICD10CM:F63.2	Kleptomania					pathological stealing	ICD10CM:F63.2										
MONDO:0001526	labia minora cancer	oio:hasExactSynonym		malignant neoplasm of labium minus	ICD10CM:C51.1	Malignant neoplasm of labium minus					malignant neoplasm of labium minus	ICD10CM:C51.1										
MONDO:0001551	ulceration of vulva	oio:hasExactSynonym		ulceration of vulva	ICD10CM:N76.6	Ulceration of vulva					ulceration of vulva	ICD10CM:N76.6										
MONDO:0001557	olecranon bursitis	oio:hasExactSynonym		olecranon bursitis	ICD10CM:M70.2	Olecranon bursitis					olecranon bursitis	ICD10CM:M70.2										
MONDO:0001558	Potter sequence	oio:hasExactSynonym		Potter's syndrome	ICD10CM:Q60.6	Potter's syndrome					Potter's syndrome	ICD10CM:Q60.6										
MONDO:0001560	hypertrophic pyloric stenosis	oio:hasExactSynonym		congenital hypertrophic pyloric stenosis	ICD10CM:Q40.0	Congenital hypertrophic pyloric stenosis					congenital hypertrophic pyloric stenosis	ICD10CM:Q40.0										
MONDO:0001562	displacement of cardia through esophageal hiatus	oio:hasExactSynonym		congenital hiatus hernia	ICD10CM:Q40.1	Congenital hiatus hernia					congenital hiatus hernia	ICD10CM:Q40.1										
MONDO:0001566	hypercalcemia disease	oio:hasExactSynonym		hypercalcemia	ICD10CM:E83.52	Hypercalcemia					hypercalcemia	ICD10CM:E83.52										
MONDO:0001600	mucocele of salivary gland	oio:hasExactSynonym		mucous retention cyst of salivary gland	ICD10CM:K11.6	Mucocele of salivary gland					mucous retention cyst of salivary gland	ICD10CM:K11.6										
MONDO:0001600	mucocele of salivary gland	oio:hasExactSynonym		ranula	ICD10CM:K11.6	Mucocele of salivary gland					ranula	ICD10CM:K11.6										
MONDO:0001617	transient global amnesia	oio:hasExactSynonym		transient global amnesia	ICD10CM:G45.4	Transient global amnesia					transient global amnesia	ICD10CM:G45.4										
MONDO:0001623	cicatricial lagophthalmos	oio:hasExactSynonym		cicatricial lagophthalmos	ICD10CM:H02.21	Cicatricial lagophthalmos					cicatricial lagophthalmos	ICD10CM:H02.21										
MONDO:0001628	tinea unguium	oio:hasExactSynonym		dermatophytic onychia	ICD10CM:B35.1	Tinea unguium					dermatophytic onychia	ICD10CM:B35.1										
MONDO:0001628	tinea unguium	oio:hasExactSynonym		dermatophytosis of nail	ICD10CM:B35.1	Tinea unguium					dermatophytosis of nail	ICD10CM:B35.1										
MONDO:0001628	tinea unguium	oio:hasExactSynonym		onychomycosis	ICD10CM:B35.1	Tinea unguium					onychomycosis	ICD10CM:B35.1										
MONDO:0001628	tinea unguium	oio:hasExactSynonym		tinea unguium	ICD10CM:B35.1	Tinea unguium					tinea unguium	ICD10CM:B35.1										
MONDO:0001648	esophageal candidiasis	oio:hasExactSynonym		candidal esophagitis	ICD10CM:B37.81	Candidal esophagitis					candidal esophagitis	ICD10CM:B37.81										
MONDO:0001650	acute cystitis	oio:hasExactSynonym		acute cystitis	ICD10CM:N30.0	Acute cystitis					acute cystitis	ICD10CM:N30.0										
MONDO:0001655	dissociated nystagmus	oio:hasExactSynonym		dissociated nystagmus	ICD10CM:H55.04	Dissociated nystagmus					dissociated nystagmus	ICD10CM:H55.04										
MONDO:0001664	submucous uterine fibroid	oio:hasExactSynonym		submucous leiomyoma of uterus	ICD10CM:D25.0	Submucous leiomyoma of uterus					submucous leiomyoma of uterus	ICD10CM:D25.0										
MONDO:0001684	exocrine pancreatic insufficiency	oio:hasExactSynonym		exocrine pancreatic insufficiency	ICD10CM:K86.81	Exocrine pancreatic insufficiency					exocrine pancreatic insufficiency	ICD10CM:K86.81										
MONDO:0001699	tinea manuum	oio:hasExactSynonym		dermatophytosis of hand	ICD10CM:B35.2	Tinea manuum					dermatophytosis of hand	ICD10CM:B35.2										
MONDO:0001713	inherited aplastic anemia	oio:hasExactSynonym		constitutional aplastic anemia	ICD10CM:D61.0	Constitutional aplastic anemia					constitutional aplastic anemia	ICD10CM:D61.0										
MONDO:0001724	supraglottis cancer	oio:hasExactSynonym		malignant neoplasm of extrinsic larynx	ICD10CM:C32.1	Malignant neoplasm of supraglottis					malignant neoplasm of extrinsic larynx	ICD10CM:C32.1										
MONDO:0001724	supraglottis cancer	oio:hasExactSynonym		malignant neoplasm of supraglottis	ICD10CM:C32.1	Malignant neoplasm of supraglottis					malignant neoplasm of supraglottis	ICD10CM:C32.1										
MONDO:0001756	frontal sinus cancer	oio:hasExactSynonym		malignant neoplasm of frontal sinus	ICD10CM:C31.2	Malignant neoplasm of frontal sinus					malignant neoplasm of frontal sinus	ICD10CM:C31.2										
MONDO:0001763	ethmoid sinus cancer	oio:hasExactSynonym		malignant neoplasm of ethmoidal sinus	ICD10CM:C31.1	Malignant neoplasm of ethmoidal sinus					malignant neoplasm of ethmoidal sinus	ICD10CM:C31.1										
MONDO:0001776	prostate calculus	oio:hasExactSynonym		calculus of prostate	ICD10CM:N42.0	Calculus of prostate					calculus of prostate	ICD10CM:N42.0										
MONDO:0001776	prostate calculus	oio:hasExactSynonym		prostatic stone	ICD10CM:N42.0	Calculus of prostate					prostatic stone	ICD10CM:N42.0										
MONDO:0001780	premature ejaculation	oio:hasExactSynonym		premature ejaculation	ICD10CM:F52.4	Premature ejaculation					premature ejaculation	ICD10CM:F52.4										
MONDO:0001794	Pthirus pubis infestation	oio:hasExactSynonym		infestation by Phthirus pubis	ICD10CM:B85.3	Phthiriasis					infestation by Phthirus pubis	ICD10CM:B85.3										
MONDO:0001794	Pthirus pubis infestation	oio:hasExactSynonym		phthiriasis	ICD10CM:B85.3	Phthiriasis					phthiriasis	ICD10CM:B85.3										
MONDO:0001795	plantar wart	oio:hasExactSynonym		plantar wart	ICD10CM:B07.0	Plantar wart					plantar wart	ICD10CM:B07.0										
MONDO:0001795	plantar wart	oio:hasExactSynonym		verruca plantaris	ICD10CM:B07.0	Plantar wart					verruca plantaris	ICD10CM:B07.0										
MONDO:0001821	hypoactive sexual desire disorder	oio:hasExactSynonym		lack or loss of sexual desire	ICD10CM:F52.0	Hypoactive sexual desire disorder					lack or loss of sexual desire	ICD10CM:F52.0										
MONDO:0001827	white piedra	oio:hasExactSynonym		Tinea blanca	ICD10CM:B36.2	White piedra					Tinea blanca	ICD10CM:B36.2										
MONDO:0001828	acquired color blindness	oio:hasExactSynonym		acquired color vision deficiency	ICD10CM:H53.52	Acquired color vision deficiency					acquired color vision deficiency	ICD10CM:H53.52										
MONDO:0001830	somatization disorder	oio:hasExactSynonym		Briquet's disorder	ICD10CM:F45.0	Somatization disorder					Briquet's disorder	ICD10CM:F45.0										
MONDO:0001843	uterus interstitial leiomyoma	oio:hasExactSynonym		intramural leiomyoma of uterus	ICD10CM:D25.1	Intramural leiomyoma of uterus					intramural leiomyoma of uterus	ICD10CM:D25.1										
MONDO:0001873	geniculate ganglionitis	oio:hasExactSynonym		geniculate ganglionitis	ICD10CM:G51.1	Geniculate ganglionitis					geniculate ganglionitis	ICD10CM:G51.1										
MONDO:0001875	epicondylitis	oio:hasExactSynonym		lateral epicondylitis	ICD10CM:M77.1	Lateral epicondylitis					lateral epicondylitis	ICD10CM:M77.1										
MONDO:0001876	renal artery atheroma	oio:hasExactSynonym		atherosclerosis of renal artery	ICD10CM:I70.1	Atherosclerosis of renal artery					atherosclerosis of renal artery	ICD10CM:I70.1										
MONDO:0001881	toxic shock syndrome	oio:hasExactSynonym		toxic shock syndrome	ICD10CM:A48.3	Toxic shock syndrome					toxic shock syndrome	ICD10CM:A48.3										
MONDO:0001899	rheumatic congestive heart failure	oio:hasExactSynonym		rheumatic heart failure	ICD10CM:I09.81	Rheumatic heart failure					rheumatic heart failure	ICD10CM:I09.81										
MONDO:0001952	parietal lobe cancer	oio:hasExactSynonym		malignant neoplasm of parietal lobe	ICD10CM:C71.3	Malignant neoplasm of parietal lobe					malignant neoplasm of parietal lobe	ICD10CM:C71.3										
MONDO:0001986	Argyll Robertson pupil	oio:hasExactSynonym		Argyll Robertson pupil, atypical	ICD10CM:H57.01	Argyll Robertson pupil, atypical					Argyll Robertson pupil, atypical	ICD10CM:H57.01										
MONDO:0001989	atrophic glossitis	oio:hasExactSynonym		atrophy of tongue papillae	ICD10CM:K14.4	Atrophy of tongue papillae					atrophy of tongue papillae	ICD10CM:K14.4										
MONDO:0001994	sphenoidal sinus cancer	oio:hasExactSynonym		malignant neoplasm of sphenoid sinus	ICD10CM:C31.3	Malignant neoplasm of sphenoid sinus					malignant neoplasm of sphenoid sinus	ICD10CM:C31.3										
MONDO:0001999	primary pulmonary hypertension	oio:hasExactSynonym		primary pulmonary hypertension	ICD10CM:I27.0	Primary pulmonary hypertension		http://purl.obolibrary.org/obo/mondo#CLINGEN_LABEL			primary pulmonary hypertension	ICD10CM:I27.0										
MONDO:0002026	candidiasis	oio:hasExactSynonym		Candidosis	ICD10CM:B37	Candidiasis					Candidosis	ICD10CM:B37										
MONDO:0002027	avoidant personality disorder	oio:hasExactSynonym		anxious personality disorder	ICD10CM:F60.6	Avoidant personality disorder					anxious personality disorder	ICD10CM:F60.6										
MONDO:0002069	female breast axillary tail cancer	oio:hasExactSynonym		malignant neoplasm of axillary tail of breast	ICD10CM:C50.6	Malignant neoplasm of axillary tail of breast					malignant neoplasm of axillary tail of breast	ICD10CM:C50.6										
MONDO:0002128	mononeuritis multiplex	oio:hasExactSynonym		mononeuritis multiplex	ICD10CM:G58.7	Mononeuritis multiplex					mononeuritis multiplex	ICD10CM:G58.7										
MONDO:0002172	otosalpingitis	oio:hasExactSynonym		Eustachian salpingitis	ICD10CM:H68.0	Eustachian salpingitis					Eustachian salpingitis	ICD10CM:H68.0										
MONDO:0002186	acute maxillary sinusitis	oio:hasExactSynonym		acute antritis	ICD10CM:J01.0	Acute maxillary sinusitis					acute antritis	ICD10CM:J01.0										
MONDO:0002203	constipation disorder	oio:hasExactSynonym		constipation	ICD10CM:K59.0	Constipation					constipation	ICD10CM:K59.0										
MONDO:0002218	temporal lobe cancer	oio:hasExactSynonym		malignant neoplasm of temporal lobe	ICD10CM:C71.2	Malignant neoplasm of temporal lobe					malignant neoplasm of temporal lobe	ICD10CM:C71.2										
MONDO:0002272	polyclonal hypergammaglobulinemia	oio:hasExactSynonym		polyclonal hypergammaglobulinemia	ICD10CM:D89.0	Polyclonal hypergammaglobulinemia					polyclonal hypergammaglobulinemia	ICD10CM:D89.0										
MONDO:0002275	generalized atherosclerosis	oio:hasExactSynonym		generalized atherosclerosis	ICD10CM:I70.91	Generalized atherosclerosis					generalized atherosclerosis	ICD10CM:I70.91										
MONDO:0002314	chronic conjunctivitis	oio:hasExactSynonym		chronic conjunctivitis	ICD10CM:H10.4	Chronic conjunctivitis					chronic conjunctivitis	ICD10CM:H10.4										
MONDO:0002328	intracranial hemangioma	oio:hasExactSynonym		hemangioma of intracranial structures	ICD10CM:D18.02	Hemangioma of intracranial structures					hemangioma of intracranial structures	ICD10CM:D18.02										
MONDO:0002337	intra-abdominal hemangioma	oio:hasExactSynonym		hemangioma of intra-abdominal structures	ICD10CM:D18.03	Hemangioma of intra-abdominal structures					hemangioma of intra-abdominal structures	ICD10CM:D18.03										
MONDO:0002387	liver angiosarcoma	oio:hasExactSynonym		angiosarcoma of liver	ICD10CM:C22.3	Angiosarcoma of liver					angiosarcoma of liver	ICD10CM:C22.3										
MONDO:0002412	disorder of glycogen metabolism	oio:hasExactSynonym		glycogen storage disease	ICD10CM:E74.0	Glycogen storage disease					glycogen storage disease	ICD10CM:E74.0										
MONDO:0002413	glycogen storage disease I	oio:hasExactSynonym		von Gierke disease	ICD10CM:E74.01	von Gierke disease					von Gierke disease	ICD10CM:E74.01										
MONDO:0002425	rectosigmoid junction cancer	oio:hasExactSynonym		malignant neoplasm of rectosigmoid junction	ICD10CM:C19	Malignant neoplasm of rectosigmoid junction					malignant neoplasm of rectosigmoid junction	ICD10CM:C19										
MONDO:0002425	rectosigmoid junction cancer	oio:hasExactSynonym		malignant neoplasm of rectosigmoid	ICD10CM:C19	Malignant neoplasm of rectosigmoid junction	http://purl.obolibrary.org/obo/mondo#GENERATED				malignant neoplasm of rectosigmoid	ICD10CM:C19	http://purl.obolibrary.org/obo/mondo#GENERATED									
MONDO:0002442	long QT syndrome	oio:hasExactSynonym		long QT syndrome	ICD10CM:I45.81	Long QT syndrome		http://purl.obolibrary.org/obo/mondo#CLINGEN_LABEL			long QT syndrome	ICD10CM:I45.81										
MONDO:0002552	vascular myelopathy	oio:hasExactSynonym		vascular myelopathies	ICD10CM:G95.1	Vascular myelopathies					vascular myelopathies	ICD10CM:G95.1										
MONDO:0002613	histrionic personality disorder	oio:hasExactSynonym		histrionic personality disorder	ICD10CM:F60.4	Histrionic personality disorder					histrionic personality disorder	ICD10CM:F60.4										
MONDO:0002660	blepharochalasis	oio:hasExactSynonym		blepharochalasis	ICD10CM:H02.3	Blepharochalasis					blepharochalasis	ICD10CM:H02.3										
MONDO:0002754	extramedullary plasmacytoma	oio:hasExactSynonym		extramedullary plasmacytoma	ICD10CM:C90.2	Extramedullary plasmacytoma					extramedullary plasmacytoma	ICD10CM:C90.2										
MONDO:0002800	thrombophlebitis	oio:hasExactSynonym		phlebitis and thrombophlebitis of superficial vessels of lower extremities	ICD10CM:I80.0	Phlebitis and thrombophlebitis of superficial vessels of lower extremities					phlebitis and thrombophlebitis of superficial vessels of lower extremities	ICD10CM:I80.0										
MONDO:0003019	potassium deficiency disease	oio:hasExactSynonym		hypokalemia	ICD10CM:E87.6	Hypokalemia					hypokalemia	ICD10CM:E87.6										
MONDO:0003231	acute nonparalytic poliomyelitis	oio:hasExactSynonym		acute nonparalytic poliomyelitis	ICD10CM:A80.4	Acute nonparalytic poliomyelitis					acute nonparalytic poliomyelitis	ICD10CM:A80.4										
MONDO:0003315	endometrium carcinoma in situ	oio:hasExactSynonym		carcinoma in situ of endometrium	ICD10CM:D07.0	Carcinoma in situ of endometrium					carcinoma in situ of endometrium	ICD10CM:D07.0										
MONDO:0003441	dystonic disorder	oio:hasExactSynonym		dystonia	ICD10CM:G24	Dystonia					dystonia	ICD10CM:G24										
MONDO:0003472	lice infestation	oio:hasExactSynonym		pediculosis, unspecified	ICD10CM:B85.2	Pediculosis, unspecified					pediculosis, unspecified	ICD10CM:B85.2										
MONDO:0003522	male orgasm disorder	oio:hasExactSynonym		male orgasmic disorder	ICD10CM:F52.32	Male orgasmic disorder					male orgasmic disorder	ICD10CM:F52.32										
MONDO:0003544	spinal cord cancer	oio:hasExactSynonym		malignant neoplasm of spinal cord	ICD10CM:C72.0	Malignant neoplasm of spinal cord					malignant neoplasm of spinal cord	ICD10CM:C72.0										
MONDO:0003763	acute stress disorder	oio:hasExactSynonym		acute stress reaction	ICD10CM:F43.0	Acute stress reaction					acute stress reaction	ICD10CM:F43.0										
MONDO:0003783	lymphopenia	oio:hasExactSynonym		lymphocytopenia	ICD10CM:D72.810	Lymphocytopenia					lymphocytopenia	ICD10CM:D72.810										
MONDO:0003940	Kummell disease	oio:hasExactSynonym		traumatic spondylopathy	ICD10CM:M48.3	Traumatic spondylopathy					traumatic spondylopathy	ICD10CM:M48.3										
MONDO:0004112	radiation cystitis	oio:hasExactSynonym		irradiation cystitis	ICD10CM:N30.4	Irradiation cystitis					irradiation cystitis	ICD10CM:N30.4										
MONDO:0004187	nodular fasciitis	oio:hasExactSynonym		nodular fasciitis	ICD10CM:M72.4	Pseudosarcomatous fibromatosis					nodular fasciitis	ICD10CM:M72.4										
MONDO:0004187	nodular fasciitis	oio:hasExactSynonym		pseudosarcomatous fibromatosis	ICD10CM:M72.4	Pseudosarcomatous fibromatosis					pseudosarcomatous fibromatosis	ICD10CM:M72.4										
MONDO:0004192	urethra cancer	oio:hasExactSynonym		malignant neoplasm of urethra	ICD10CM:C68.0	Malignant neoplasm of urethra					malignant neoplasm of urethra	ICD10CM:C68.0										
MONDO:0004258	female orgasmic disorder	oio:hasExactSynonym		female orgasmic disorder	ICD10CM:F52.31	Female orgasmic disorder					female orgasmic disorder	ICD10CM:F52.31										
MONDO:0004375	end stage renal failure	oio:hasExactSynonym		chronic kidney disease, stage 5	ICD10CM:N18.5	Chronic kidney disease, stage 5					chronic kidney disease, stage 5	ICD10CM:N18.5										
MONDO:0004525	scabies	oio:hasExactSynonym		sarcoptic itch	ICD10CM:B86	Scabies					sarcoptic itch	ICD10CM:B86										
MONDO:0004570	intestinal volvulus	oio:hasExactSynonym		volvulus	ICD10CM:K56.2	Volvulus					volvulus	ICD10CM:K56.2										
MONDO:0004572	cyclothymic disorder	oio:hasExactSynonym		affective personality disorder	ICD10CM:F34.0	Cyclothymic disorder					affective personality disorder	ICD10CM:F34.0										
MONDO:0004572	cyclothymic disorder	oio:hasExactSynonym		cycloid personality	ICD10CM:F34.0	Cyclothymic disorder					cycloid personality	ICD10CM:F34.0										
MONDO:0004572	cyclothymic disorder	oio:hasExactSynonym		cyclothymia	ICD10CM:F34.0	Cyclothymic disorder					cyclothymia	ICD10CM:F34.0										
MONDO:0004572	cyclothymic disorder	oio:hasExactSynonym		cyclothymic personality	ICD10CM:F34.0	Cyclothymic disorder					cyclothymic personality	ICD10CM:F34.0										
MONDO:0004593	Bartholin duct cyst	oio:hasExactSynonym		cyst of Bartholin's gland	ICD10CM:N75.0	Cyst of Bartholin's gland					cyst of Bartholin's gland	ICD10CM:N75.0										
MONDO:0004596	cor pulmonale	oio:hasExactSynonym		cor pulmonale	ICD10CM:I27.81	Cor pulmonale (chronic)	http://purl.obolibrary.org/obo/mondo#GENERATED				cor pulmonale	ICD10CM:I27.81	http://purl.obolibrary.org/obo/mondo#GENERATED									
MONDO:0004608	oropharynx cancer	oio:hasExactSynonym		malignant neoplasm of oropharynx	ICD10CM:C10	Malignant neoplasm of oropharynx					malignant neoplasm of oropharynx	ICD10CM:C10										
MONDO:0004611	soft palate cancer	oio:hasExactSynonym		malignant neoplasm of soft palate	ICD10CM:C05.1	Malignant neoplasm of soft palate					malignant neoplasm of soft palate	ICD10CM:C05.1										
MONDO:0004619	measles	oio:hasExactSynonym		morbilli	ICD10CM:B05	Measles					morbilli	ICD10CM:B05										
MONDO:0004627	duodenitis	oio:hasExactSynonym		duodenitis	ICD10CM:K29.8	Duodenitis					duodenitis	ICD10CM:K29.8										
MONDO:0004640	alcoholic gastritis	oio:hasExactSynonym		alcoholic gastritis	ICD10CM:K29.2	Alcoholic gastritis					alcoholic gastritis	ICD10CM:K29.2										
MONDO:0004641	skin carcinoma in situ	oio:hasExactSynonym		carcinoma in situ of skin	ICD10CM:D04	Carcinoma in situ of skin					carcinoma in situ of skin	ICD10CM:D04										
MONDO:0004642	tonsillar pillar cancer	oio:hasExactSynonym		malignant neoplasm of tonsillar pillar	ICD10CM:C09.1	Malignant neoplasm of tonsillar pillar (anterior) (posterior)	http://purl.obolibrary.org/obo/mondo#GENERATED				malignant neoplasm of tonsillar pillar	ICD10CM:C09.1	http://purl.obolibrary.org/obo/mondo#GENERATED									
MONDO:0004661	trachea carcinoma in situ	oio:hasExactSynonym		carcinoma in situ of trachea	ICD10CM:D02.1	Carcinoma in situ of trachea					carcinoma in situ of trachea	ICD10CM:D02.1										
MONDO:0004663	colon carcinoma in situ	oio:hasExactSynonym		carcinoma in situ of colon	ICD10CM:D01.0	Carcinoma in situ of colon					carcinoma in situ of colon	ICD10CM:D01.0										
MONDO:0004670	lupus erythematosus	oio:hasExactSynonym		lupus erythematosus	ICD10CM:L93	Lupus erythematosus					lupus erythematosus	ICD10CM:L93										
MONDO:0004682	retromolar area cancer	oio:hasExactSynonym		malignant neoplasm of retromolar area	ICD10CM:C06.2	Malignant neoplasm of retromolar area					malignant neoplasm of retromolar area	ICD10CM:C06.2										
MONDO:0004685	Waldeyer's ring cancer	oio:hasExactSynonym		malignant neoplasm of Waldeyer's ring	ICD10CM:C14.2	Malignant neoplasm of Waldeyer's ring					malignant neoplasm of Waldeyer's ring	ICD10CM:C14.2										
MONDO:0004690	tonsillar fossa cancer	oio:hasExactSynonym		malignant neoplasm of tonsillar fossa	ICD10CM:C09.0	Malignant neoplasm of tonsillar fossa					malignant neoplasm of tonsillar fossa	ICD10CM:C09.0										
MONDO:0004696	larynx carcinoma in situ	oio:hasExactSynonym		carcinoma in situ of larynx	ICD10CM:D02.0	Carcinoma in situ of larynx					carcinoma in situ of larynx	ICD10CM:D02.0										
MONDO:0004701	uterine polyp	oio:hasExactSynonym		polyp of corpus uteri	ICD10CM:N84.0	Polyp of corpus uteri					polyp of corpus uteri	ICD10CM:N84.0										
MONDO:0004702	uterine cervix leukoplakia	oio:hasExactSynonym		leukoplakia of cervix uteri	ICD10CM:N88.0	Leukoplakia of cervix uteri					leukoplakia of cervix uteri	ICD10CM:N88.0										
MONDO:0004703	bladder carcinoma in situ	oio:hasExactSynonym		carcinoma in situ of bladder	ICD10CM:D09.0	Carcinoma in situ of bladder					carcinoma in situ of bladder	ICD10CM:D09.0										
MONDO:0004708	esophagus carcinoma in situ	oio:hasExactSynonym		carcinoma in situ of esophagus	ICD10CM:D00.1	Carcinoma in situ of esophagus					carcinoma in situ of esophagus	ICD10CM:D00.1										
MONDO:0004709	occipital lobe neoplasm	oio:hasExactSynonym		malignant neoplasm of occipital lobe	ICD10CM:C71.4	Malignant neoplasm of occipital lobe					malignant neoplasm of occipital lobe	ICD10CM:C71.4										
MONDO:0004715	liver carcinoma in situ	oio:hasExactSynonym		carcinoma in situ of liver, gallbladder and bile ducts	ICD10CM:D01.5	Carcinoma in situ of liver, gallbladder and bile ducts					carcinoma in situ of liver, gallbladder and bile ducts	ICD10CM:D01.5										
MONDO:0004716	stomach carcinoma in situ	oio:hasExactSynonym		carcinoma in situ of stomach	ICD10CM:D00.2	Carcinoma in situ of stomach					carcinoma in situ of stomach	ICD10CM:D00.2										
MONDO:0004719	hard palate cancer	oio:hasExactSynonym		malignant neoplasm of hard palate	ICD10CM:C05.0	Malignant neoplasm of hard palate					malignant neoplasm of hard palate	ICD10CM:C05.0										
MONDO:0004725	rectum carcinoma in situ	oio:hasExactSynonym		carcinoma in situ of rectum	ICD10CM:D01.2	Carcinoma in situ of rectum					carcinoma in situ of rectum	ICD10CM:D01.2										
MONDO:0004727	vestibule of mouth cancer	oio:hasExactSynonym		malignant neoplasm of vestibule of mouth	ICD10CM:C06.1	Malignant neoplasm of vestibule of mouth					malignant neoplasm of vestibule of mouth	ICD10CM:C06.1										
MONDO:0004729	dyskinesia of esophagus	oio:hasExactSynonym		dyskinesia of esophagus	ICD10CM:K22.4	Dyskinesia of esophagus					dyskinesia of esophagus	ICD10CM:K22.4										
MONDO:0004733	pyriform sinus cancer	oio:hasExactSynonym		malignant neoplasm of pyriform fossa	ICD10CM:C12	Malignant neoplasm of pyriform sinus					malignant neoplasm of pyriform fossa	ICD10CM:C12										
MONDO:0004733	pyriform sinus cancer	oio:hasExactSynonym		malignant neoplasm of pyriform sinus	ICD10CM:C12	Malignant neoplasm of pyriform sinus					malignant neoplasm of pyriform sinus	ICD10CM:C12										
MONDO:0004737	homocystinuria	oio:hasExactSynonym		homocystinuria	ICD10CM:E72.11	Homocystinuria					homocystinuria	ICD10CM:E72.11										
MONDO:0004754	rectal prolapse	oio:hasExactSynonym		rectal prolapse	ICD10CM:K62.3	Rectal prolapse					rectal prolapse	ICD10CM:K62.3										
MONDO:0004757	chronic ethmoidal sinusitis	oio:hasExactSynonym		chronic ethmoidal sinusitis	ICD10CM:J32.2	Chronic ethmoidal sinusitis					chronic ethmoidal sinusitis	ICD10CM:J32.2										
MONDO:0004763	carotid artery dissection	oio:hasExactSynonym		dissection of carotid artery	ICD10CM:I77.71	Dissection of carotid artery					dissection of carotid artery	ICD10CM:I77.71										
MONDO:0004779	epididymitis	oio:hasExactSynonym		epididymitis	ICD10CM:N45.1	Epididymitis					epididymitis	ICD10CM:N45.1										
MONDO:0004789	cholangitis	oio:hasExactSynonym		cholangitis	ICD10CM:K83.0	Cholangitis					cholangitis	ICD10CM:K83.0										
MONDO:0004795	otitis externa	oio:hasExactSynonym		otitis externa	ICD10CM:H60	Otitis externa					otitis externa	ICD10CM:H60										
MONDO:0004849	pulmonary emphysema	oio:hasExactSynonym		emphysema	ICD10CM:J43	Emphysema					emphysema	ICD10CM:J43										
MONDO:0004858	occlusion of gallbladder	oio:hasExactSynonym		obstruction of gallbladder	ICD10CM:K82.0	Obstruction of gallbladder					obstruction of gallbladder	ICD10CM:K82.0										
MONDO:0004881	myositis fibrosa	oio:hasExactSynonym		interstitial myositis	ICD10CM:M60.1	Interstitial myositis					interstitial myositis	ICD10CM:M60.1										
MONDO:0004891	hyperopia	oio:hasExactSynonym		hypermetropia	ICD10CM:H52.0	Hypermetropia					hypermetropia	ICD10CM:H52.0										
MONDO:0004975	Alzheimer disease	oio:hasExactSynonym		Alzheimer's disease	ICD10CM:G30	Alzheimer's disease					Alzheimer's disease	ICD10CM:G30										
MONDO:0004976	amyotrophic lateral sclerosis	oio:hasExactSynonym		amyotrophic lateral sclerosis	ICD10CM:G12.21	Amyotrophic lateral sclerosis		http://purl.obolibrary.org/obo/mondo#CLINGEN_LABEL			amyotrophic lateral sclerosis	ICD10CM:G12.21										
MONDO:0004977	angioimmunoblastic T-cell lymphoma	oio:hasExactSynonym		angioimmunoblastic T-cell lymphoma	ICD10CM:C86.5	Angioimmunoblastic T-cell lymphoma					angioimmunoblastic T-cell lymphoma	ICD10CM:C86.5										
MONDO:0004977	angioimmunoblastic T-cell lymphoma	oio:hasExactSynonym		angioimmunoblastic lymphadenopathy with Dysproteinemia	ICD10CM:C86.5	Angioimmunoblastic T-cell lymphoma	http://purl.obolibrary.org/obo/mondo#GENERATED				angioimmunoblastic lymphadenopathy with Dysproteinemia	ICD10CM:C86.5	http://purl.obolibrary.org/obo/mondo#GENERATED									
MONDO:0004980	atopic eczema	oio:hasExactSynonym		Atopic dermatitis	ICD10CM:L20	Atopic dermatitis					Atopic dermatitis	ICD10CM:L20										
MONDO:0004985	bipolar disorder	oio:hasExactSynonym		bipolar disorder	ICD10CM:F31	Bipolar disorder					bipolar disorder	ICD10CM:F31										
MONDO:0004994	cardiomyopathy	oio:hasExactSynonym		cardiomyopathy	ICD10CM:I42	Cardiomyopathy					cardiomyopathy	ICD10CM:I42										
MONDO:0005015	diabetes mellitus	oio:hasExactSynonym		diabetes mellitus	ICD10CM:E08-E13	Diabetes mellitus (E08-E13)	http://purl.obolibrary.org/obo/mondo#GENERATED				diabetes mellitus	ICD10CM:E08-E13	http://purl.obolibrary.org/obo/mondo#GENERATED									
MONDO:0005021	dilated cardiomyopathy	oio:hasExactSynonym		dilated cardiomyopathy	ICD10CM:I42.0	Dilated cardiomyopathy		http://purl.obolibrary.org/obo/mondo#CLINGEN_LABEL			dilated cardiomyopathy	ICD10CM:I42.0										
MONDO:0005041	glaucoma	oio:hasExactSynonym		glaucoma	ICD10CM:H40-H42	Glaucoma (H40-H42)	http://purl.obolibrary.org/obo/mondo#GENERATED				glaucoma	ICD10CM:H40-H42	http://purl.obolibrary.org/obo/mondo#GENERATED									
MONDO:0005052	irritable bowel syndrome	oio:hasExactSynonym		irritable bowel syndrome	ICD10CM:K58	Irritable bowel syndrome					irritable bowel syndrome	ICD10CM:K58										
MONDO:0005052	irritable bowel syndrome	oio:hasExactSynonym		irritable colon	ICD10CM:K58	Irritable bowel syndrome					irritable colon	ICD10CM:K58										
MONDO:0005052	irritable bowel syndrome	oio:hasExactSynonym		spastic colon	ICD10CM:K58	Irritable bowel syndrome					spastic colon	ICD10CM:K58										
MONDO:0005065	mesothelioma	oio:hasExactSynonym		mesothelioma	ICD10CM:C45	Mesothelioma					mesothelioma	ICD10CM:C45										
MONDO:0005130	celiac disease	oio:hasExactSynonym		celiac disease	ICD10CM:K90.0	Celiac disease					celiac disease	ICD10CM:K90.0										
MONDO:0005133	endometriosis	oio:hasExactSynonym		endometriosis	ICD10CM:N80	Endometriosis					endometriosis	ICD10CM:N80										
MONDO:0005173	actinic keratosis	oio:hasExactSynonym		actinic keratosis	ICD10CM:L57.0	Actinic keratosis					actinic keratosis	ICD10CM:L57.0										
MONDO:0005173	actinic keratosis	oio:hasExactSynonym		solar keratosis	ICD10CM:L57.0	Actinic keratosis					solar keratosis	ICD10CM:L57.0										
MONDO:0005181	progressive external ophthalmoplegia	oio:hasExactSynonym		progressive external ophthalmoplegia	ICD10CM:H49.4	Progressive external ophthalmoplegia					progressive external ophthalmoplegia	ICD10CM:H49.4										
MONDO:0005296	sleep apnea syndrome	oio:hasExactSynonym		sleep apnea	ICD10CM:G47.3	Sleep apnea					sleep apnea	ICD10CM:G47.3										
MONDO:0005300	chronic kidney disease	oio:hasExactSynonym		chronic renal disease	ICD10CM:N18.9	Chronic kidney disease, unspecified					chronic renal disease	ICD10CM:N18.9										
MONDO:0005340	alopecia areata	oio:hasExactSynonym		alopecia areata	ICD10CM:L63	Alopecia areata					alopecia areata	ICD10CM:L63										
MONDO:0005380	osteonecrosis	oio:hasExactSynonym		osteonecrosis	ICD10CM:M87	Osteonecrosis					osteonecrosis	ICD10CM:M87										
MONDO:0005387	primary ovarian failure	oio:hasExactSynonym		primary ovarian failure	ICD10CM:E28.3	Primary ovarian failure					primary ovarian failure	ICD10CM:E28.3										
MONDO:0005393	gout	oio:hasExactSynonym		gout	ICD10CM:M10	Gout					gout	ICD10CM:M10										
MONDO:0005445	visceral leishmaniasis	oio:hasExactSynonym		kala-azar	ICD10CM:B55.0	Visceral leishmaniasis					kala-azar	ICD10CM:B55.0										
MONDO:0005452	bulimia nervosa	oio:hasExactSynonym		hyperorexia nervosa	ICD10CM:F50.2	Bulimia nervosa					hyperorexia nervosa	ICD10CM:F50.2										
MONDO:0005492	urticaria	oio:hasExactSynonym		urticaria	ICD10CM:L50	Urticaria					urticaria	ICD10CM:L50										
MONDO:0005546	fibromyalgia	oio:hasExactSynonym		fibromyalgia	ICD10CM:M79.7	Fibromyalgia					fibromyalgia	ICD10CM:M79.7										
MONDO:0005576	cryoglobulinemia	oio:hasExactSynonym		cryoglobulinemia	ICD10CM:D89.1	Cryoglobulinemia					cryoglobulinemia	ICD10CM:D89.1										
MONDO:0005609	herpes zoster	oio:hasExactSynonym		shingles	ICD10CM:B02	Zoster [herpes zoster]					shingles	ICD10CM:B02										
MONDO:0005609	herpes zoster	oio:hasExactSynonym		Zoster	ICD10CM:B02	Zoster [herpes zoster]	http://purl.obolibrary.org/obo/mondo#GENERATED				Zoster	ICD10CM:B02	http://purl.obolibrary.org/obo/mondo#GENERATED									
MONDO:0005638	agnosia	oio:hasExactSynonym		agnosia	ICD10CM:R48.1	Agnosia					agnosia	ICD10CM:R48.1										
MONDO:0005648	aortic valve insufficiency	oio:hasExactSynonym		rheumatic aortic insufficiency	ICD10CM:I06.1	Rheumatic aortic insufficiency					rheumatic aortic insufficiency	ICD10CM:I06.1										
MONDO:0005648	aortic valve insufficiency	oio:hasExactSynonym		rheumatic aortic regurgitation	ICD10CM:I06.1	Rheumatic aortic insufficiency					rheumatic aortic regurgitation	ICD10CM:I06.1										
MONDO:0005663	Barre-Lieou syndrome	oio:hasExactSynonym		Cervicocranial syndrome	ICD10CM:M53.0	Cervicocranial syndrome					Cervicocranial syndrome	ICD10CM:M53.0										
MONDO:0005663	Barre-Lieou syndrome	oio:hasExactSynonym		posterior cervical sympathetic syndrome	ICD10CM:M53.0	Cervicocranial syndrome					posterior cervical sympathetic syndrome	ICD10CM:M53.0										
MONDO:0005668	bird fancier's lung	oio:hasExactSynonym		bird fancier's lung	ICD10CM:J67.2	Bird fancier's lung					bird fancier's lung	ICD10CM:J67.2										
MONDO:0005683	brucellosis	oio:hasExactSynonym		undulant fever	ICD10CM:A23	Brucellosis					undulant fever	ICD10CM:A23										
MONDO:0005692	cat-scratch disease	oio:hasExactSynonym		Cat-scratch fever	ICD10CM:A28.1	Cat-scratch disease					Cat-scratch fever	ICD10CM:A28.1										
MONDO:0005705	clonorchiasis	oio:hasExactSynonym		Oriental liver fluke disease	ICD10CM:B66.1	Clonorchiasis					Oriental liver fluke disease	ICD10CM:B66.1										
MONDO:0005714	congenital syphilis	oio:hasExactSynonym		congenital syphilis	ICD10CM:A50	Congenital syphilis					congenital syphilis	ICD10CM:A50										
MONDO:0005715	congenital toxoplasmosis	oio:hasExactSynonym		congenital toxoplasmosis	ICD10CM:P37.1	Congenital toxoplasmosis					congenital toxoplasmosis	ICD10CM:P37.1										
MONDO:0005738	echinococcosis	oio:hasExactSynonym		echinococcosis	ICD10CM:B67	Echinococcosis					echinococcosis	ICD10CM:B67										
MONDO:0005746	enterobiasis	oio:hasExactSynonym		threadworm infection	ICD10CM:B80	Enterobiasis					threadworm infection	ICD10CM:B80										
MONDO:0005751	epidemic pleurodynia	oio:hasExactSynonym		Bornholm disease	ICD10CM:B33.0	Epidemic myalgia					Bornholm disease	ICD10CM:B33.0										
MONDO:0005751	epidemic pleurodynia	oio:hasExactSynonym		epidemic myalgia	ICD10CM:B33.0	Epidemic myalgia					epidemic myalgia	ICD10CM:B33.0										
MONDO:0005767	gas gangrene	oio:hasExactSynonym		gas gangrene	ICD10CM:A48.0	Gas gangrene					gas gangrene	ICD10CM:A48.0										
MONDO:0005771	geographic tongue	oio:hasExactSynonym		benign migratory glossitis	ICD10CM:K14.1	Geographic tongue					benign migratory glossitis	ICD10CM:K14.1										
MONDO:0005771	geographic tongue	oio:hasExactSynonym		glossitis areata exfoliativa	ICD10CM:K14.1	Geographic tongue					glossitis areata exfoliativa	ICD10CM:K14.1										
MONDO:0005774	glanders	oio:hasExactSynonym		infection due to Pseudomonas mallei	ICD10CM:A24.0	Glanders					infection due to Pseudomonas mallei	ICD10CM:A24.0										
MONDO:0005776	gnathomiasis	oio:hasExactSynonym		Gnathostomiasis	ICD10CM:B83.1	Gnathostomiasis					Gnathostomiasis	ICD10CM:B83.1										
MONDO:0005777	granuloma inguinale	oio:hasExactSynonym		donovanosis	ICD10CM:A58	Granuloma inguinale					donovanosis	ICD10CM:A58										
MONDO:0005777	granuloma inguinale	oio:hasExactSynonym		granuloma inguinale	ICD10CM:A58	Granuloma inguinale					granuloma inguinale	ICD10CM:A58										
MONDO:0005802	hymenolepiasis	oio:hasExactSynonym		dwarf tapeworm infection	ICD10CM:B71.0	Hymenolepiasis					dwarf tapeworm infection	ICD10CM:B71.0										
MONDO:0005802	hymenolepiasis	oio:hasExactSynonym		hymenolepiasis	ICD10CM:B71.0	Hymenolepiasis					hymenolepiasis	ICD10CM:B71.0										
MONDO:0005804	hyperprolactinemia	oio:hasExactSynonym		hyperprolactinemia	ICD10CM:E22.1	Hyperprolactinemia					hyperprolactinemia	ICD10CM:E22.1										
MONDO:0005806	hypopharynx cancer	oio:hasExactSynonym		malignant neoplasm of hypopharynx	ICD10CM:C13	Malignant neoplasm of hypopharynx					malignant neoplasm of hypopharynx	ICD10CM:C13										
MONDO:0005808	inclusion conjunctivitis	oio:hasExactSynonym		Chlamydial conjunctivitis	ICD10CM:A74.0	Chlamydial conjunctivitis					Chlamydial conjunctivitis	ICD10CM:A74.0										
MONDO:0005825	leptospirosis	oio:hasExactSynonym		leptospirosis	ICD10CM:A27	Leptospirosis					leptospirosis	ICD10CM:A27										
MONDO:0005844	chalazion	oio:hasExactSynonym		chalazion	ICD10CM:H00.1	Chalazion					chalazion	ICD10CM:H00.1										
MONDO:0005848	miliary tuberculosis	oio:hasExactSynonym		disseminated tuberculosis	ICD10CM:A19	Miliary tuberculosis					disseminated tuberculosis	ICD10CM:A19										
MONDO:0005848	miliary tuberculosis	oio:hasExactSynonym		generalized tuberculosis	ICD10CM:A19	Miliary tuberculosis					generalized tuberculosis	ICD10CM:A19										
MONDO:0005893	pancreatic endocrine carcinoma	oio:hasExactSynonym		malignant neoplasm of islets of Langerhans	ICD10CM:C25.4	Malignant neoplasm of endocrine pancreas					malignant neoplasm of islets of Langerhans	ICD10CM:C25.4										
MONDO:0005895	paragonimiasis	oio:hasExactSynonym		lung fluke disease	ICD10CM:B66.4	Paragonimiasis					lung fluke disease	ICD10CM:B66.4										
MONDO:0005906	peritonsillar abscess	oio:hasExactSynonym		quinsy	ICD10CM:J36	Peritonsillar abscess					quinsy	ICD10CM:J36										
MONDO:0005913	phlebotomus fever	oio:hasExactSynonym		Sandfly fever	ICD10CM:A93.1	Sandfly fever					Sandfly fever	ICD10CM:A93.1										
MONDO:0005913	phlebotomus fever	oio:hasExactSynonym		pappataci fever	ICD10CM:A93.1	Sandfly fever					pappataci fever	ICD10CM:A93.1										
MONDO:0005922	pleural tuberculosis	oio:hasExactSynonym		tuberculous pleurisy	ICD10CM:A15.6	Tuberculous pleurisy					tuberculous pleurisy	ICD10CM:A15.6										
MONDO:0005928	post-thrombotic syndrome	oio:hasExactSynonym		postphlebitic syndrome	ICD10CM:I87.0	Postthrombotic syndrome					postphlebitic syndrome	ICD10CM:I87.0										
MONDO:0005952	scarlet fever	oio:hasExactSynonym		scarlatina	ICD10CM:A38	Scarlet fever					scarlatina	ICD10CM:A38										
MONDO:0005966	spleen cancer	oio:hasExactSynonym		malignant neoplasm of spleen	ICD10CM:C26.1	Malignant neoplasm of spleen					malignant neoplasm of spleen	ICD10CM:C26.1										
MONDO:0005984	tinea pedis	oio:hasExactSynonym		athlete's foot	ICD10CM:B35.3	Tinea pedis					athlete's foot	ICD10CM:B35.3										
MONDO:0005984	tinea pedis	oio:hasExactSynonym		dermatophytosis of foot	ICD10CM:B35.3	Tinea pedis					dermatophytosis of foot	ICD10CM:B35.3										
MONDO:0005990	tracheitis	oio:hasExactSynonym		acute tracheitis	ICD10CM:J04.1	Acute tracheitis					acute tracheitis	ICD10CM:J04.1										
MONDO:0005991	trench fever	oio:hasExactSynonym		Wolhynian fever	ICD10CM:A79.0	Trench fever					Wolhynian fever	ICD10CM:A79.0										
MONDO:0005991	trench fever	oio:hasExactSynonym		quintan fever	ICD10CM:A79.0	Trench fever					quintan fever	ICD10CM:A79.0										
MONDO:0005991	trench fever	oio:hasExactSynonym		trench fever	ICD10CM:A79.0	Trench fever					trench fever	ICD10CM:A79.0										
MONDO:0005995	trichostrongylosis	oio:hasExactSynonym		Trichostrongyliasis	ICD10CM:B81.2	Trichostrongyliasis					Trichostrongyliasis	ICD10CM:B81.2										
MONDO:0006011	viral hepatitis	oio:hasExactSynonym		viral Hepatitis	ICD10CM:B15-B19	Viral hepatitis (B15-B19)	http://purl.obolibrary.org/obo/mondo#GENERATED				viral Hepatitis	ICD10CM:B15-B19	http://purl.obolibrary.org/obo/mondo#GENERATED									
MONDO:0006014	vulvovaginal candidiasis	oio:hasExactSynonym		candidal vulvovaginitis	ICD10CM:B37.3	Candidiasis of vulva and vagina					candidal vulvovaginitis	ICD10CM:B37.3										
MONDO:0006014	vulvovaginal candidiasis	oio:hasExactSynonym		candidiasis of vulva and vagina	ICD10CM:B37.3	Candidiasis of vulva and vagina					candidiasis of vulva and vagina	ICD10CM:B37.3										
MONDO:0006014	vulvovaginal candidiasis	oio:hasExactSynonym		monilial vulvovaginitis	ICD10CM:B37.3	Candidiasis of vulva and vagina					monilial vulvovaginitis	ICD10CM:B37.3										
MONDO:0006015	Waterhouse-Friderichsen syndrome	oio:hasExactSynonym		meningococcal hemorrhagic adrenalitis	ICD10CM:A39.1	Waterhouse-Friderichsen syndrome					meningococcal hemorrhagic adrenalitis	ICD10CM:A39.1										
MONDO:0006019	yaws	oio:hasExactSynonym		Bouba	ICD10CM:A66	Yaws					Bouba	ICD10CM:A66										
MONDO:0006019	yaws	oio:hasExactSynonym		frambesia	ICD10CM:A66	Yaws	http://purl.obolibrary.org/obo/mondo#GENERATED				frambesia	ICD10CM:A66	http://purl.obolibrary.org/obo/mondo#GENERATED									
MONDO:0006118	breast fibrosis	oio:hasExactSynonym		fibrosclerosis of breast	ICD10CM:N60.3	Fibrosclerosis of breast					fibrosclerosis of breast	ICD10CM:N60.3										
MONDO:0006234	grade III prostatic intraepithelial neoplasia	oio:hasExactSynonym		carcinoma in situ of prostate	ICD10CM:D07.5	Carcinoma in situ of prostate					carcinoma in situ of prostate	ICD10CM:D07.5										
MONDO:0006294	pleural cancer	oio:hasExactSynonym		malignant neoplasm of pleura	ICD10CM:C38.4	Malignant neoplasm of pleura					malignant neoplasm of pleura	ICD10CM:C38.4										
MONDO:0006337	ovarian endometriosis	oio:hasExactSynonym		endometriosis of ovary	ICD10CM:N80.1	Endometriosis of ovary					endometriosis of ovary	ICD10CM:N80.1										
MONDO:0006502	acute respiratory distress syndrome	oio:hasExactSynonym		acute respiratory distress syndrome	ICD10CM:J80	Acute respiratory distress syndrome					acute respiratory distress syndrome	ICD10CM:J80										
MONDO:0006525	allergic contact dermatitis	oio:hasExactSynonym		allergic contact dermatitis	ICD10CM:L23	Allergic contact dermatitis					allergic contact dermatitis	ICD10CM:L23										
MONDO:0006533	cholesteatoma of middle ear	oio:hasExactSynonym		cholesteatoma of middle ear	ICD10CM:H71	Cholesteatoma of middle ear					cholesteatoma of middle ear	ICD10CM:H71										
MONDO:0006541	epidermolysis bullosa	oio:hasExactSynonym		epidermolysis bullosa	ICD10CM:Q81	Epidermolysis bullosa					epidermolysis bullosa	ICD10CM:Q81										
MONDO:0006551	alopecia mucinosa	oio:hasExactSynonym		alopecia Mucinosa	ICD10CM:L65.2	Alopecia mucinosa					alopecia Mucinosa	ICD10CM:L65.2										
MONDO:0006551	alopecia mucinosa	oio:hasExactSynonym		alopecia mucinosa	ICD10CM:L65.2	Alopecia mucinosa					alopecia mucinosa	ICD10CM:L65.2										
MONDO:0006553	Fox-Fordyce disease	oio:hasExactSynonym		Fox-Fordyce disease	ICD10CM:L75.2	Apocrine miliaria					Fox-Fordyce disease	ICD10CM:L75.2										
MONDO:0006554	granuloma annulare	oio:hasExactSynonym		granuloma annulare	ICD10CM:L92.0	Granuloma annulare					granuloma annulare	ICD10CM:L92.0										
MONDO:0006559	hidradenitis suppurativa	oio:hasExactSynonym		hidradenitis suppurativa	ICD10CM:L73.2	Hidradenitis suppurativa					hidradenitis suppurativa	ICD10CM:L73.2										
MONDO:0006601	pityriasis rosea	oio:hasExactSynonym		Pityriasis rosea	ICD10CM:L42	Pityriasis rosea					Pityriasis rosea	ICD10CM:L42										
MONDO:0006643	alcoholic cardiomyopathy	oio:hasExactSynonym		alcoholic cardiomyopathy	ICD10CM:I42.6	Alcoholic cardiomyopathy					alcoholic cardiomyopathy	ICD10CM:I42.6										
MONDO:0006644	alcoholic liver cirrhosis	oio:hasExactSynonym		alcoholic cirrhosis of liver	ICD10CM:K70.3	Alcoholic cirrhosis of liver					alcoholic cirrhosis of liver	ICD10CM:K70.3										
MONDO:0006665	chronic atrophic gastritis	oio:hasExactSynonym		gastric atrophy	ICD10CM:K29.4	Chronic atrophic gastritis					gastric atrophy	ICD10CM:K29.4										
MONDO:0006672	balanitis	oio:hasExactSynonym		balanitis	ICD10CM:N48.1	Balanitis					balanitis	ICD10CM:N48.1										
MONDO:0006694	cerebral atherosclerosis	oio:hasExactSynonym		cerebral atherosclerosis	ICD10CM:I67.2	Cerebral atherosclerosis					cerebral atherosclerosis	ICD10CM:I67.2										
MONDO:0006722	dental fluorosis	oio:hasExactSynonym		mottled teeth	ICD10CM:K00.3	Mottled teeth					mottled teeth	ICD10CM:K00.3										
MONDO:0006722	dental fluorosis	oio:hasExactSynonym		mottling of enamel	ICD10CM:K00.3	Mottled teeth					mottling of enamel	ICD10CM:K00.3										
MONDO:0006752	Erysipelothrix rhusiopathiae infectious disease	oio:hasExactSynonym		erysipeloid	ICD10CM:A26	Erysipeloid					erysipeloid	ICD10CM:A26										
MONDO:0006755	euthyroid sick syndrome	oio:hasExactSynonym		sick-euthyroid syndrome	ICD10CM:E07.81	Sick-euthyroid syndrome					sick-euthyroid syndrome	ICD10CM:E07.81										
MONDO:0006763	frozen shoulder	oio:hasExactSynonym		adhesive capsulitis of shoulder	ICD10CM:M75.0	Adhesive capsulitis of shoulder					adhesive capsulitis of shoulder	ICD10CM:M75.0										
MONDO:0006769	gastroparesis	oio:hasExactSynonym		gastroparalysis	ICD10CM:K31.84	Gastroparesis					gastroparalysis	ICD10CM:K31.84										
MONDO:0006769	gastroparesis	oio:hasExactSynonym		gastroparesis	ICD10CM:K31.84	Gastroparesis					gastroparesis	ICD10CM:K31.84										
MONDO:0006782	hemometra	oio:hasExactSynonym		hematometra	ICD10CM:N85.7	Hematometra					hematometra	ICD10CM:N85.7										
MONDO:0006784	hemorrhagic disease of newborn	oio:hasExactSynonym		hemorrhagic disease of newborn	ICD10CM:P53	Hemorrhagic disease of newborn					hemorrhagic disease of newborn	ICD10CM:P53										
MONDO:0006790	hypercementosis	oio:hasExactSynonym		cementation hyperplasia	ICD10CM:K03.4	Hypercementosis					cementation hyperplasia	ICD10CM:K03.4										
MONDO:0006795	hypersplenism	oio:hasExactSynonym		hypersplenism	ICD10CM:D73.1	Hypersplenism					hypersplenism	ICD10CM:D73.1										
MONDO:0006805	intermediate coronary syndrome	oio:hasExactSynonym		unstable angina	ICD10CM:I20.0	Unstable angina					unstable angina	ICD10CM:I20.0										
MONDO:0006834	lip cancer	oio:hasExactSynonym		malignant neoplasm of Lip	ICD10CM:C00	Malignant neoplasm of lip					malignant neoplasm of Lip	ICD10CM:C00										
MONDO:0006834	lip cancer	oio:hasExactSynonym		malignant neoplasm of lip	ICD10CM:C00	Malignant neoplasm of lip					malignant neoplasm of lip	ICD10CM:C00										
MONDO:0006848	marasmus	oio:hasExactSynonym		nutritional marasmus	ICD10CM:E41	Nutritional marasmus					nutritional marasmus	ICD10CM:E41										
MONDO:0006861	myeloid sarcoma	oio:hasExactSynonym		chloroma	ICD10CM:C92.3	Myeloid sarcoma					chloroma	ICD10CM:C92.3										
MONDO:0006861	myeloid sarcoma	oio:hasExactSynonym		myeloid sarcoma	ICD10CM:C92.3	Myeloid sarcoma					myeloid sarcoma	ICD10CM:C92.3										
MONDO:0006873	nutritional deficiency disease	oio:hasExactSynonym		malnutrition	ICD10CM:E40-E46	Malnutrition (E40-E46)	http://purl.obolibrary.org/obo/mondo#GENERATED				malnutrition	ICD10CM:E40-E46	http://purl.obolibrary.org/obo/mondo#GENERATED									
MONDO:0006882	orchitis	oio:hasExactSynonym		orchitis	ICD10CM:N45.2	Orchitis					orchitis	ICD10CM:N45.2										
MONDO:0006946	renal osteodystrophy	oio:hasExactSynonym		renal rickets	ICD10CM:N25.0	Renal osteodystrophy					renal rickets	ICD10CM:N25.0										
MONDO:0006947	renovascular hypertension	oio:hasExactSynonym		renovascular hypertension	ICD10CM:I15.0	Renovascular hypertension					renovascular hypertension	ICD10CM:I15.0										
MONDO:0006970	sialolithiasis	oio:hasExactSynonym		Stone of salivary gland or duct	ICD10CM:K11.5	Sialolithiasis					Stone of salivary gland or duct	ICD10CM:K11.5										
MONDO:0006982	subacute thyroiditis	oio:hasExactSynonym		De Quervain thyroiditis	ICD10CM:E06.1	Subacute thyroiditis					De Quervain thyroiditis	ICD10CM:E06.1										
MONDO:0006982	subacute thyroiditis	oio:hasExactSynonym		Subacute thyroiditis	ICD10CM:E06.1	Subacute thyroiditis					Subacute thyroiditis	ICD10CM:E06.1										
MONDO:0006982	subacute thyroiditis	oio:hasExactSynonym		giant-cell thyroiditis	ICD10CM:E06.1	Subacute thyroiditis					giant-cell thyroiditis	ICD10CM:E06.1										
MONDO:0006982	subacute thyroiditis	oio:hasExactSynonym		granulomatous thyroiditis	ICD10CM:E06.1	Subacute thyroiditis					granulomatous thyroiditis	ICD10CM:E06.1										
MONDO:0006998	tonsil cancer	oio:hasExactSynonym		malignant neoplasm of tonsil	ICD10CM:C09	Malignant neoplasm of tonsil					malignant neoplasm of tonsil	ICD10CM:C09										
MONDO:0007012	variant Creutzfeldt-Jakob disease	oio:hasExactSynonym		vCJD	ICD10CM:A81.01	Variant Creutzfeldt-Jakob disease					vCJD	ICD10CM:A81.01										
MONDO:0007020	Wernicke encephalopathy	oio:hasExactSynonym		Wernicke's encephalopathy	ICD10CM:E51.2	Wernicke's encephalopathy					Wernicke's encephalopathy	ICD10CM:E51.2										
MONDO:0007035	acanthosis nigricans	oio:hasExactSynonym		acanthosis nigricans	ICD10CM:L83	Acanthosis nigricans					acanthosis nigricans	ICD10CM:L83										
MONDO:0007037	Achondroplasia	oio:hasExactSynonym		Achondroplasia	ICD10CM:Q77.4	Achondroplasia		http://purl.obolibrary.org/obo/mondo#CLINGEN_LABEL			Achondroplasia	ICD10CM:Q77.4										
MONDO:0007074	ainhum	oio:hasExactSynonym		ainhum	ICD10CM:L94.6	Ainhum					ainhum	ICD10CM:L94.6										
MONDO:0007080	glucocorticoid-remediable aldosteronism	oio:hasExactSynonym		glucocorticoid-remediable aldosteronism	ICD10CM:E26.02	Glucocorticoid-remediable aldosteronism					glucocorticoid-remediable aldosteronism	ICD10CM:E26.02										
MONDO:0007113	Angelman syndrome	oio:hasExactSynonym		Angelman syndrome	ICD10CM:Q93.51	Angelman syndrome		http://purl.obolibrary.org/obo/mondo#CLINGEN_LABEL			Angelman syndrome	ICD10CM:Q93.51										
MONDO:0007125	ankyloglossia	oio:hasExactSynonym		ankyloglossia	ICD10CM:Q38.1	Ankyloglossia					ankyloglossia	ICD10CM:Q38.1										
MONDO:0007147	obstructive sleep apnea syndrome	oio:hasExactSynonym		obstructive sleep apnea	ICD10CM:G47.33	Obstructive sleep apnea (adult) (pediatric)	http://purl.obolibrary.org/obo/mondo#GENERATED				obstructive sleep apnea	ICD10CM:G47.33	http://purl.obolibrary.org/obo/mondo#GENERATED									
MONDO:0007197	bladder diverticulum	oio:hasExactSynonym		diverticulum of bladder	ICD10CM:N32.3	Diverticulum of bladder					diverticulum of bladder	ICD10CM:N32.3										
MONDO:0007254	breast cancer	oio:hasExactSynonym		malignant neoplasm of breast	ICD10CM:C50	Malignant neoplasm of breast					malignant neoplasm of breast	ICD10CM:C50										
MONDO:0007275	carpal tunnel syndrome	oio:hasExactSynonym		carpal tunnel syndrome	ICD10CM:G56.0	Carpal tunnel syndrome					carpal tunnel syndrome	ICD10CM:G56.0										
MONDO:0007338	cleft soft palate	oio:hasExactSynonym		cleft soft palate	ICD10CM:Q35.3	Cleft soft palate					cleft soft palate	ICD10CM:Q35.3										
MONDO:0007416	Balkan nephropathy	oio:hasExactSynonym		Balkan endemic nephropathy	ICD10CM:N15.0	Balkan nephropathy					Balkan endemic nephropathy	ICD10CM:N15.0										
MONDO:0007448	familial dermatographia	oio:hasExactSynonym		dermatographic urticaria	ICD10CM:L50.3	Dermatographic urticaria					dermatographic urticaria	ICD10CM:L50.3										
MONDO:0007488	Lewy body dementia	oio:hasExactSynonym		Lewy body dementia	ICD10CM:G31.83	Dementia with Lewy bodies					Lewy body dementia	ICD10CM:G31.83										
MONDO:0007488	Lewy body dementia	oio:hasExactSynonym		Lewy body disease	ICD10CM:G31.83	Dementia with Lewy bodies					Lewy body disease	ICD10CM:G31.83										
MONDO:0007488	Lewy body dementia	oio:hasExactSynonym		dementia with Lewy bodies	ICD10CM:G31.83	Dementia with Lewy bodies					dementia with Lewy bodies	ICD10CM:G31.83										
MONDO:0007529	elastosis perforans serpiginosa	oio:hasExactSynonym		elastosis perforans serpiginosa	ICD10CM:L87.2	Elastosis perforans serpiginosa					elastosis perforans serpiginosa	ICD10CM:L87.2										
MONDO:0007655	fissured tongue	oio:hasExactSynonym		Furrowed tongue	ICD10CM:K14.5	Plicated tongue					Furrowed tongue	ICD10CM:K14.5										
MONDO:0007655	fissured tongue	oio:hasExactSynonym		plicated tongue	ICD10CM:K14.5	Plicated tongue					plicated tongue	ICD10CM:K14.5										
MONDO:0007655	fissured tongue	oio:hasExactSynonym		scrotal tongue	ICD10CM:K14.5	Plicated tongue					scrotal tongue	ICD10CM:K14.5										
MONDO:0007699	Hashimoto thyroiditis	oio:hasExactSynonym		Hashimoto's thyroiditis	ICD10CM:E06.3	Autoimmune thyroiditis					Hashimoto's thyroiditis	ICD10CM:E06.3										
MONDO:0007745	Gilbert syndrome	oio:hasExactSynonym		Gilbert syndrome	ICD10CM:E80.4	Gilbert syndrome					Gilbert syndrome	ICD10CM:E80.4										
MONDO:0007835	intussusception	oio:hasExactSynonym		intussusception	ICD10CM:K56.1	Intussusception					intussusception	ICD10CM:K56.1										
MONDO:0007865	knuckle pads	oio:hasExactSynonym		knuckle pads	ICD10CM:M72.1	Knuckle pads					knuckle pads	ICD10CM:M72.1										
MONDO:0007899	lichen sclerosus et atrophicus	oio:hasExactSynonym		lichen sclerosus et atrophicus	ICD10CM:L90.0	Lichen sclerosus et atrophicus					lichen sclerosus et atrophicus	ICD10CM:L90.0										
MONDO:0007921	yellow nail syndrome	oio:hasExactSynonym		yellow nail syndrome	ICD10CM:L60.5	Yellow nail syndrome					yellow nail syndrome	ICD10CM:L60.5										
MONDO:0008015	motion sickness	oio:hasExactSynonym		motion sickness	ICD10CM:T75.3	Motion sickness					motion sickness	ICD10CM:T75.3										
MONDO:0008015	motion sickness	oio:hasExactSynonym		travel sickness	ICD10CM:T75.3	Motion sickness					travel sickness	ICD10CM:T75.3										
MONDO:0008114	obsessive-compulsive disorder	oio:hasExactSynonym		obsessive-compulsive disorder	ICD10CM:F42	Obsessive-compulsive disorder					obsessive-compulsive disorder	ICD10CM:F42										
MONDO:0008207	chondromalacia patellae	oio:hasExactSynonym		chondromalacia patellae	ICD10CM:M22.4	Chondromalacia patellae					chondromalacia patellae	ICD10CM:M22.4										
MONDO:0008364	Raynaud disease	oio:hasExactSynonym		Raynaud's disease	ICD10CM:I73.0	Raynaud's syndrome					Raynaud's disease	ICD10CM:I73.0										
MONDO:0008364	Raynaud disease	oio:hasExactSynonym		Raynaud's syndrome	ICD10CM:I73.0	Raynaud's syndrome					Raynaud's syndrome	ICD10CM:I73.0										
MONDO:0008420	seborrheic keratosis	oio:hasExactSynonym		basal cell papilloma	ICD10CM:L82	Seborrheic keratosis					basal cell papilloma	ICD10CM:L82										
MONDO:0008542	tetralogy of fallot	oio:hasExactSynonym		tetralogy of fallot	ICD10CM:Q21.3	Tetralogy of Fallot					tetralogy of fallot	ICD10CM:Q21.3										
MONDO:0008599	trigeminal neuralgia	oio:hasExactSynonym		trigeminal neuralgia	ICD10CM:G50.0	Trigeminal neuralgia					trigeminal neuralgia	ICD10CM:G50.0										
MONDO:0008627	ureter cancer	oio:hasExactSynonym		malignant neoplasm of ureter	ICD10CM:C66	Malignant neoplasm of ureter					malignant neoplasm of ureter	ICD10CM:C66										
MONDO:0008721	medium chain acyl-CoA dehydrogenase deficiency	oio:hasExactSynonym		MCAD	ICD10CM:E71.311	Medium chain acyl CoA dehydrogenase deficiency	http://purl.obolibrary.org/obo/mondo#ABBREVIATION	http://purl.obolibrary.org/obo/mondo#ABBREVIATION			MCAD	ICD10CM:E71.311	http://purl.obolibrary.org/obo/mondo#ABBREVIATION									
MONDO:0008722	short chain acyl-CoA dehydrogenase deficiency	oio:hasExactSynonym		Short Chain Acyl CoA Dehydrogenase Deficiency	ICD10CM:E71.312	Short chain acyl CoA dehydrogenase deficiency					Short Chain Acyl CoA Dehydrogenase Deficiency	ICD10CM:E71.312										
MONDO:0008722	short chain acyl-CoA dehydrogenase deficiency	oio:hasExactSynonym		SCAD	ICD10CM:E71.312	Short chain acyl CoA dehydrogenase deficiency	http://purl.obolibrary.org/obo/mondo#ABBREVIATION	http://purl.obolibrary.org/obo/mondo#ABBREVIATION			SCAD	ICD10CM:E71.312	http://purl.obolibrary.org/obo/mondo#ABBREVIATION									
MONDO:0008723	very long chain acyl-CoA dehydrogenase deficiency	oio:hasExactSynonym		VLCAD	ICD10CM:E71.310	Long chain/very long chain acyl CoA dehydrogenase deficiency	http://purl.obolibrary.org/obo/mondo#ABBREVIATION	http://purl.obolibrary.org/obo/mondo#ABBREVIATION			VLCAD	ICD10CM:E71.310	http://purl.obolibrary.org/obo/mondo#ABBREVIATION									
MONDO:0008818	arterial tortuosity syndrome	oio:hasExactSynonym		arterial tortuosity syndrome	ICD10CM:Q87.82	Arterial tortuosity syndrome		http://purl.obolibrary.org/obo/mondo#CLINGEN_LABEL			arterial tortuosity syndrome	ICD10CM:Q87.82										
MONDO:0008963	Chediak-Higashi syndrome	oio:hasExactSynonym		Chediak-Higashi syndrome	ICD10CM:E70.330	Chediak-Higashi syndrome		http://purl.obolibrary.org/obo/mondo#CLINGEN_LABEL			Chediak-Higashi syndrome	ICD10CM:E70.330										
MONDO:0009020	macular corneal dystrophy	oio:hasExactSynonym		macular corneal dystrophy	ICD10CM:H18.55	Macular corneal dystrophy		http://purl.obolibrary.org/obo/mondo#CLINGEN_LABEL			macular corneal dystrophy	ICD10CM:H18.55										
MONDO:0009044	Crigler-Najjar syndrome	oio:hasExactSynonym		Crigler-Najjar syndrome	ICD10CM:E80.5	Crigler-Najjar syndrome					Crigler-Najjar syndrome	ICD10CM:E80.5										
MONDO:0009061	cystic fibrosis	oio:hasExactSynonym		mucoviscidosis	ICD10CM:E84	Cystic fibrosis					mucoviscidosis	ICD10CM:E84										
MONDO:0009061	cystic fibrosis	oio:hasExactSynonym		cystic fibrosis	ICD10CM:E84	Cystic fibrosis		http://purl.obolibrary.org/obo/mondo#CLINGEN_LABEL			cystic fibrosis	ICD10CM:E84										
MONDO:0009106	diastematomyelia	oio:hasExactSynonym		diastematomyelia	ICD10CM:Q06.2	Diastematomyelia					diastematomyelia	ICD10CM:Q06.2										
MONDO:0009107	diastrophic dysplasia	oio:hasExactSynonym		diastrophic dysplasia	ICD10CM:Q77.5	Diastrophic dysplasia		http://purl.obolibrary.org/obo/mondo#CLINGEN_LABEL			diastrophic dysplasia	ICD10CM:Q77.5										
MONDO:0009115	congenital lactase deficiency	oio:hasExactSynonym		congenital lactase deficiency	ICD10CM:E73.0	Congenital lactase deficiency		http://purl.obolibrary.org/obo/mondo#CLINGEN_LABEL			congenital lactase deficiency	ICD10CM:E73.0										
MONDO:0009169	endocardial fibroelastosis	oio:hasExactSynonym		Elastomyofibrosis	ICD10CM:I42.4	Endocardial fibroelastosis					Elastomyofibrosis	ICD10CM:I42.4										
MONDO:0009169	endocardial fibroelastosis	oio:hasExactSynonym		endocardial fibroelastosis	ICD10CM:I42.4	Endocardial fibroelastosis					endocardial fibroelastosis	ICD10CM:I42.4										
MONDO:0009249	hereditary fructose intolerance	oio:hasExactSynonym		fructosemia	ICD10CM:E74.12	Hereditary fructose intolerance					fructosemia	ICD10CM:E74.12										
MONDO:0009249	hereditary fructose intolerance	oio:hasExactSynonym		hereditary fructose intolerance	ICD10CM:E74.12	Hereditary fructose intolerance		http://purl.obolibrary.org/obo/mondo#CLINGEN_LABEL			hereditary fructose intolerance	ICD10CM:E74.12										
MONDO:0009252	essential fructosuria	oio:hasExactSynonym		fructokinase deficiency	ICD10CM:E74.11	Essential fructosuria					fructokinase deficiency	ICD10CM:E74.11										
MONDO:0009264	gastroschisis	oio:hasExactSynonym		gastroschisis	ICD10CM:Q79.3	Gastroschisis					gastroschisis	ICD10CM:Q79.3										
MONDO:0009345	histidinemia	oio:hasExactSynonym		histidinemia	ICD10CM:E70.41	Histidinemia		http://purl.obolibrary.org/obo/mondo#CLINGEN_LABEL			histidinemia	ICD10CM:E70.41										
MONDO:0009412	scurvy	oio:hasExactSynonym		ascorbic acid deficiency	ICD10CM:E54	Ascorbic acid deficiency					ascorbic acid deficiency	ICD10CM:E54										
MONDO:0009412	scurvy	oio:hasExactSynonym		deficiency of vitamin C	ICD10CM:E54	Ascorbic acid deficiency					deficiency of vitamin C	ICD10CM:E54										
MONDO:0009412	scurvy	oio:hasExactSynonym		scurvy	ICD10CM:E54	Ascorbic acid deficiency					scurvy	ICD10CM:E54										
MONDO:0009475	isovaleric acidemia	oio:hasExactSynonym		isovaleric acidemia	ICD10CM:E71.110	Isovaleric acidemia		http://purl.obolibrary.org/obo/mondo#CLINGEN_LABEL			isovaleric acidemia	ICD10CM:E71.110										
MONDO:0009499	Krabbe disease	oio:hasExactSynonym		Krabbe disease	ICD10CM:E75.23	Krabbe disease		http://purl.obolibrary.org/obo/mondo#CLINGEN_LABEL			Krabbe disease	ICD10CM:E75.23										
MONDO:0009537	lymphoid interstitial pneumonia	oio:hasExactSynonym		lymphoid interstitial pneumonia	ICD10CM:J84.2	Lymphoid interstitial pneumonia					lymphoid interstitial pneumonia	ICD10CM:J84.2										
MONDO:0009665	biotinidase deficiency	oio:hasExactSynonym		biotinidase deficiency	ICD10CM:D81.810	Biotinidase deficiency		http://purl.obolibrary.org/obo/mondo#CLINGEN_LABEL			biotinidase deficiency	ICD10CM:D81.810										
MONDO:0009688	myasthenia gravis	oio:hasExactSynonym		myasthenia gravis	ICD10CM:G70.0	Myasthenia gravis					myasthenia gravis	ICD10CM:G70.0										
MONDO:0009691	mycosis fungoides	oio:hasExactSynonym		mycosis fungoides	ICD10CM:C84.0	Mycosis fungoides					mycosis fungoides	ICD10CM:C84.0										
MONDO:0009693	plasma cell myeloma	oio:hasExactSynonym		Kahler's disease	ICD10CM:C90.0	Multiple myeloma					Kahler's disease	ICD10CM:C90.0										
MONDO:0009693	plasma cell myeloma	oio:hasExactSynonym		Multiple Myeloma	ICD10CM:C90.0	Multiple myeloma					Multiple Myeloma	ICD10CM:C90.0										
MONDO:0009693	plasma cell myeloma	oio:hasExactSynonym		medullary plasmacytoma	ICD10CM:C90.0	Multiple myeloma					medullary plasmacytoma	ICD10CM:C90.0										
MONDO:0009693	plasma cell myeloma	oio:hasExactSynonym		multiple myeloma	ICD10CM:C90.0	Multiple myeloma					multiple myeloma	ICD10CM:C90.0										
MONDO:0009693	plasma cell myeloma	oio:hasExactSynonym		myelomatosis	ICD10CM:C90.0	Multiple myeloma					myelomatosis	ICD10CM:C90.0										
MONDO:0009693	plasma cell myeloma	oio:hasExactSynonym		plasma cell myeloma	ICD10CM:C90.0	Multiple myeloma					plasma cell myeloma	ICD10CM:C90.0										
MONDO:0009710	Thomsen and Becker disease	oio:hasExactSynonym		myotonia congenita	ICD10CM:G71.12	Myotonia congenita					myotonia congenita	ICD10CM:G71.12										
MONDO:0009835	subacute sclerosing panencephalitis	oio:hasExactSynonym		Subacute sclerosing panencephalitis	ICD10CM:A81.1	Subacute sclerosing panencephalitis					Subacute sclerosing panencephalitis	ICD10CM:A81.1										
MONDO:0009835	subacute sclerosing panencephalitis	oio:hasExactSynonym		subacute sclerosing panencephalitis	ICD10CM:A81.1	Subacute sclerosing panencephalitis					subacute sclerosing panencephalitis	ICD10CM:A81.1										
MONDO:0009891	acquired polycythemia vera	oio:hasExactSynonym		polycythemia vera	ICD10CM:D45	Polycythemia vera					polycythemia vera	ICD10CM:D45										
MONDO:0009928	pulmonary alveolar microlithiasis	oio:hasExactSynonym		pulmonary alveolar microlithiasis	ICD10CM:J84.02	Pulmonary alveolar microlithiasis		http://purl.obolibrary.org/obo/mondo#CLINGEN_LABEL			pulmonary alveolar microlithiasis	ICD10CM:J84.02										
MONDO:0009943	Pyle disease	oio:hasExactSynonym		Pyle's syndrome	ICD10CM:Q78.5	Metaphyseal dysplasia					Pyle's syndrome	ICD10CM:Q78.5										
MONDO:0009958	adult Refsum disease	oio:hasExactSynonym		Refsum's disease	ICD10CM:G60.1	Refsum's disease					Refsum's disease	ICD10CM:G60.1										
MONDO:0010006	Sandhoff disease	oio:hasExactSynonym		Sandhoff disease	ICD10CM:E75.01	Sandhoff disease		http://purl.obolibrary.org/obo/mondo#CLINGEN_LABEL			Sandhoff disease	ICD10CM:E75.01										
MONDO:0010029	situs inversus	oio:hasExactSynonym		situs inversus	ICD10CM:Q89.3	Situs inversus					situs inversus	ICD10CM:Q89.3										
MONDO:0010035	Smith-Lemli-Opitz syndrome	oio:hasExactSynonym		Smith-Lemli-Opitz syndrome	ICD10CM:E78.72	Smith-Lemli-Opitz syndrome		http://purl.obolibrary.org/obo/mondo#CLINGEN_LABEL			Smith-Lemli-Opitz syndrome	ICD10CM:E78.72										
MONDO:0010100	Tay-Sachs disease	oio:hasExactSynonym		Tay-Sachs disease	ICD10CM:E75.02	Tay-Sachs disease		http://purl.obolibrary.org/obo/mondo#CLINGEN_LABEL			Tay-Sachs disease	ICD10CM:E75.02										
MONDO:0010149	transcobalamin II deficiency	oio:hasExactSynonym		transcobalamin II deficiency	ICD10CM:D51.2	Transcobalamin II deficiency		http://purl.obolibrary.org/obo/mondo#CLINGEN_LABEL			transcobalamin II deficiency	ICD10CM:D51.2										
MONDO:0010200	Wilson disease	oio:hasExactSynonym		Wilson's disease	ICD10CM:E83.01	Wilson's disease					Wilson's disease	ICD10CM:E83.01										
MONDO:0010298	Lesch-Nyhan syndrome	oio:hasExactSynonym		Lesch-Nyhan syndrome	ICD10CM:E79.1	Lesch-Nyhan syndrome		http://purl.obolibrary.org/obo/mondo#CLINGEN_LABEL			Lesch-Nyhan syndrome	ICD10CM:E79.1										
MONDO:0010518	Wiskott-Aldrich syndrome	oio:hasExactSynonym		Wiskott-Aldrich syndrome	ICD10CM:D82.0	Wiskott-Aldrich syndrome		http://purl.obolibrary.org/obo/mondo#CLINGEN_LABEL			Wiskott-Aldrich syndrome	ICD10CM:D82.0										
MONDO:0010543	Barth syndrome	oio:hasExactSynonym		Barth syndrome	ICD10CM:E78.71	Barth syndrome		http://purl.obolibrary.org/obo/mondo#CLINGEN_LABEL			Barth syndrome	ICD10CM:E78.71										
MONDO:0010557	choroideremia	oio:hasExactSynonym		choroideremia	ICD10CM:H31.21	Choroideremia		http://purl.obolibrary.org/obo/mondo#CLINGEN_LABEL			choroideremia	ICD10CM:H31.21										
MONDO:0010564	red-green color blindness	oio:hasExactSynonym		deuteranopia	ICD10CM:H53.53	Deuteranomaly					deuteranopia	ICD10CM:H53.53										
MONDO:0010565	red color blindness	oio:hasExactSynonym		protanopia	ICD10CM:H53.54	Protanomaly					protanopia	ICD10CM:H53.54										
MONDO:0010674	mucopolysaccharidosis type 2	oio:hasExactSynonym		Hunter's syndrome	ICD10CM:E76.1	Mucopolysaccharidosis, type II					Hunter's syndrome	ICD10CM:E76.1										
MONDO:0010674	mucopolysaccharidosis type 2	oio:hasExactSynonym		mucopolysaccharidosis, type II	ICD10CM:E76.1	Mucopolysaccharidosis, type II					mucopolysaccharidosis, type II	ICD10CM:E76.1										
MONDO:0010720	partial androgen insensitivity syndrome	oio:hasExactSynonym		Reifenstein syndrome	ICD10CM:E34.52	Partial androgen insensitivity syndrome					Reifenstein syndrome	ICD10CM:E34.52										
MONDO:0010789	MELAS syndrome	oio:hasExactSynonym		MELAS syndrome	ICD10CM:E88.41	MELAS syndrome					MELAS syndrome	ICD10CM:E88.41										
MONDO:0010789	MELAS syndrome	oio:hasExactSynonym		mitochondrial myopathy, encephalopathy, lactic acidosis and stroke-like episodes	ICD10CM:E88.41	MELAS syndrome					mitochondrial myopathy, encephalopathy, lactic acidosis and stroke-like episodes	ICD10CM:E88.41										
MONDO:0010790	MERRF syndrome	oio:hasExactSynonym		MERRF syndrome	ICD10CM:E88.42	MERRF syndrome					MERRF syndrome	ICD10CM:E88.42										
MONDO:0010808	fatal familial insomnia	oio:hasExactSynonym		fatal familial insomnia	ICD10CM:A81.83	Fatal familial insomnia					fatal familial insomnia	ICD10CM:A81.83										
MONDO:0010888	adenomyosis	oio:hasExactSynonym		endometriosis of uterus	ICD10CM:N80.0	Endometriosis of uterus					endometriosis of uterus	ICD10CM:N80.0										
MONDO:0010947	Budd-Chiari syndrome	oio:hasExactSynonym		Budd-Chiari syndrome	ICD10CM:I82.0	Budd-Chiari syndrome					Budd-Chiari syndrome	ICD10CM:I82.0										
MONDO:0011628	propionic acidemia	oio:hasExactSynonym		propionic acidemia	ICD10CM:E71.121	Propionic acidemia		http://purl.obolibrary.org/obo/mondo#CLINGEN_LABEL			propionic acidemia	ICD10CM:E71.121										
MONDO:0011662	pathological gambling	oio:hasExactSynonym		compulsive gambling	ICD10CM:F63.0	Pathological gambling					compulsive gambling	ICD10CM:F63.0										
MONDO:0011662	pathological gambling	oio:hasExactSynonym		pathological gambling	ICD10CM:F63.0	Pathological gambling					pathological gambling	ICD10CM:F63.0										
MONDO:0011705	lymphangioleiomyomatosis	oio:hasExactSynonym		lymphangioleiomyomatosis	ICD10CM:J84.81	Lymphangioleiomyomatosis					lymphangioleiomyomatosis	ICD10CM:J84.81										
MONDO:0011705	lymphangioleiomyomatosis	oio:hasExactSynonym		lymphangiomyomatosis	ICD10CM:J84.81	Lymphangioleiomyomatosis					lymphangiomyomatosis	ICD10CM:J84.81										
MONDO:0011728	benign essential blepharospasm	oio:hasExactSynonym		blepharospasm	ICD10CM:G24.5	Blepharospasm					blepharospasm	ICD10CM:G24.5										
MONDO:0011827	patent ductus arteriosus	oio:hasExactSynonym		patent ductus arteriosus	ICD10CM:Q25.0	Patent ductus arteriosus					patent ductus arteriosus	ICD10CM:Q25.0										
MONDO:0011848	headache associated with sexual activity	oio:hasExactSynonym		headache associated with sexual activity	ICD10CM:G44.82	Headache associated with sexual activity					headache associated with sexual activity	ICD10CM:G44.82										
MONDO:0012105	granulomatosis with polyangiitis	oio:hasExactSynonym		granulomatosis with polyangiitis	ICD10CM:M31.3	Wegener's granulomatosis					granulomatosis with polyangiitis	ICD10CM:M31.3										
MONDO:0012105	granulomatosis with polyangiitis	oio:hasExactSynonym		necrotizing respiratory granulomatosis	ICD10CM:M31.3	Wegener's granulomatosis					necrotizing respiratory granulomatosis	ICD10CM:M31.3										
MONDO:0012105	granulomatosis with polyangiitis	oio:hasExactSynonym		Wegener's granulomatosis	ICD10CM:M31.3	Wegener's granulomatosis		http://purl.obolibrary.org/obo/mondo#DEPRECATED			Wegener's granulomatosis	ICD10CM:M31.3										
MONDO:0012155	choanal atresia	oio:hasExactSynonym		atresia of nares	ICD10CM:Q30.0	Choanal atresia	http://purl.obolibrary.org/obo/mondo#GENERATED				atresia of nares	ICD10CM:Q30.0	http://purl.obolibrary.org/obo/mondo#GENERATED									
MONDO:0012456	congenital primary aphakia	oio:hasExactSynonym		congenital aphakia	ICD10CM:Q12.3	Congenital aphakia					congenital aphakia	ICD10CM:Q12.3										
MONDO:0012865	Pseudofolliculitis barbae	oio:hasExactSynonym		Pseudofolliculitis barbae	ICD10CM:L73.1	Pseudofolliculitis barbae					Pseudofolliculitis barbae	ICD10CM:L73.1										
MONDO:0013189	trichotillomania	oio:hasExactSynonym		trichotillomania	ICD10CM:F63.3	Trichotillomania					trichotillomania	ICD10CM:F63.3										
MONDO:0013282	alpha 1-antitrypsin deficiency	oio:hasExactSynonym		AAT deficiency	ICD10CM:E88.01	Alpha-1-antitrypsin deficiency					AAT deficiency	ICD10CM:E88.01										
MONDO:0013600	insomnia	oio:hasExactSynonym		insomnia	ICD10CM:G47.0	Insomnia					insomnia	ICD10CM:G47.0										
MONDO:0015260	diphyllobothriasis	oio:hasExactSynonym		fish tapeworm	ICD10CM:B70.0	Diphyllobothriasis	http://purl.obolibrary.org/obo/mondo#GENERATED				fish tapeworm	ICD10CM:B70.0	http://purl.obolibrary.org/obo/mondo#GENERATED									
MONDO:0015564	Castleman disease	oio:hasExactSynonym		Castleman disease	ICD10CM:D47.Z2	Castleman disease					Castleman disease	ICD10CM:D47.Z2										
MONDO:0015614	dermatitis herpetiformis	oio:hasExactSynonym		Duhring's disease	ICD10CM:L13.0	Dermatitis herpetiformis					Duhring's disease	ICD10CM:L13.0										
MONDO:0015614	dermatitis herpetiformis	oio:hasExactSynonym		dermatitis herpetiformis	ICD10CM:L13.0	Dermatitis herpetiformis					dermatitis herpetiformis	ICD10CM:L13.0										
MONDO:0015622	wound myiasis	oio:hasExactSynonym		traumatic myiasis	ICD10CM:B87.1	Wound myiasis					traumatic myiasis	ICD10CM:B87.1										
MONDO:0015698	transient hypogammaglobulinemia of infancy	oio:hasExactSynonym		transient hypogammaglobulinemia of infancy	ICD10CM:D80.7	Transient hypogammaglobulinemia of infancy					transient hypogammaglobulinemia of infancy	ICD10CM:D80.7										
MONDO:0015776	rhizomelic chondrodysplasia punctata	oio:hasExactSynonym		rhizomelic chondrodysplasia punctata	ICD10CM:E71.540	Rhizomelic chondrodysplasia punctata		http://purl.obolibrary.org/obo/mondo#CLINGEN_LABEL			rhizomelic chondrodysplasia punctata	ICD10CM:E71.540										
MONDO:0015986	bilateral renal agenesis	oio:hasExactSynonym		Renal Agenesis, Bilateral	ICD10CM:Q60.1	Renal agenesis, bilateral					Renal Agenesis, Bilateral	ICD10CM:Q60.1										
MONDO:0016239	cystinosis	oio:hasExactSynonym		cystinosis	ICD10CM:E72.04	Cystinosis		http://purl.obolibrary.org/obo/mondo#CLINGEN_LABEL			cystinosis	ICD10CM:E72.04										
MONDO:0016264	autoimmune hepatitis	oio:hasExactSynonym		autoimmune hepatitis	ICD10CM:K75.4	Autoimmune hepatitis					autoimmune hepatitis	ICD10CM:K75.4										
MONDO:0016295	neuronal ceroid lipofuscinosis	oio:hasExactSynonym		neuronal ceroid lipofuscinosis	ICD10CM:E75.4	Neuronal ceroid lipofuscinosis		http://purl.obolibrary.org/obo/mondo#CLINGEN_LABEL			neuronal ceroid lipofuscinosis	ICD10CM:E75.4										
MONDO:0016349	congenital hydrocephalus	oio:hasExactSynonym		congenital hydrocephalus	ICD10CM:Q03	Congenital hydrocephalus					congenital hydrocephalus	ICD10CM:Q03										
MONDO:0017137	onchocerciasis	oio:hasExactSynonym		Onchocerca volvulus infection	ICD10CM:B73	Onchocerciasis					Onchocerca volvulus infection	ICD10CM:B73										
MONDO:0017137	onchocerciasis	oio:hasExactSynonym		onchocerciasis	ICD10CM:B73	Onchocerciasis					onchocerciasis	ICD10CM:B73										
MONDO:0017278	autoimmune polyendocrinopathy	oio:hasExactSynonym		Antiphospholipid Syndrome	ICD10CM:D68.61	Antiphospholipid syndrome					Antiphospholipid Syndrome	ICD10CM:D68.61										
MONDO:0017278	autoimmune polyendocrinopathy	oio:hasExactSynonym		autoimmune polyglandular failure	ICD10CM:E31.0	Autoimmune polyglandular failure					autoimmune polyglandular failure	ICD10CM:E31.0										
MONDO:0017319	hereditary elliptocytosis	oio:hasExactSynonym		ovalocytosis	ICD10CM:D58.1	Hereditary elliptocytosis	http://purl.obolibrary.org/obo/mondo#GENERATED				ovalocytosis	ICD10CM:D58.1	http://purl.obolibrary.org/obo/mondo#GENERATED									
MONDO:0017361	congenital rubella syndrome	oio:hasExactSynonym		congenital rubella syndrome	ICD10CM:P35.0	Congenital rubella syndrome					congenital rubella syndrome	ICD10CM:P35.0										
MONDO:0017610	epidermolysis bullosa simplex	oio:hasExactSynonym		epidermolysis bullosa simplex	ICD10CM:Q81.0	Epidermolysis bullosa simplex					epidermolysis bullosa simplex	ICD10CM:Q81.0										
MONDO:0017767	rheumatic fever	oio:hasExactSynonym		acute rheumatic fever	ICD10CM:I00-I02	Acute rheumatic fever (I00-I02)	http://purl.obolibrary.org/obo/mondo#GENERATED				acute rheumatic fever	ICD10CM:I00-I02	http://purl.obolibrary.org/obo/mondo#GENERATED									
MONDO:0018089	double outlet right ventricle	oio:hasExactSynonym		double outlet right ventricle	ICD10CM:Q20.1	Double outlet right ventricle					double outlet right ventricle	ICD10CM:Q20.1										
MONDO:0018150	Gaucher disease	oio:hasExactSynonym		Gaucher disease	ICD10CM:E75.22	Gaucher disease		http://purl.obolibrary.org/obo/mondo#CLINGEN_LABEL			Gaucher disease	ICD10CM:E75.22										
MONDO:0018181	staphylococcal scalded skin syndrome	oio:hasExactSynonym		Ritter's disease	ICD10CM:L00	Staphylococcal scalded skin syndrome					Ritter's disease	ICD10CM:L00										
MONDO:0018181	staphylococcal scalded skin syndrome	oio:hasExactSynonym		staphylococcal scalded skin syndrome	ICD10CM:L00	Staphylococcal scalded skin syndrome					staphylococcal scalded skin syndrome	ICD10CM:L00										
MONDO:0018181	staphylococcal scalded skin syndrome	oio:hasExactSynonym		pemphigus neonatorum	ICD10CM:L01.03	Bullous impetigo					pemphigus neonatorum	ICD10CM:L01.03										
MONDO:0018661	Zika virus infectious disease	oio:hasExactSynonym		Zika virus disease	ICD10CM:A92.5	Zika virus disease					Zika virus disease	ICD10CM:A92.5										
MONDO:0018661	Zika virus infectious disease	oio:hasExactSynonym		Zika virus infection	ICD10CM:A92.5	Zika virus disease					Zika virus infection	ICD10CM:A92.5										
MONDO:0018683	acquired ichthyosis	oio:hasExactSynonym		acquired ichthyosis	ICD10CM:L85.0	Acquired ichthyosis					acquired ichthyosis	ICD10CM:L85.0										
MONDO:0018684	idiopathic neonatal atrial flutter	oio:hasExactSynonym		neonatal cardiac dysrhythmia	ICD10CM:P29.1	Neonatal cardiac dysrhythmia					neonatal cardiac dysrhythmia	ICD10CM:P29.1										
MONDO:0018747	acquired epidermolysis bullosa	oio:hasExactSynonym		acquired epidermolysis bullosa	ICD10CM:L12.3	Acquired epidermolysis bullosa					acquired epidermolysis bullosa	ICD10CM:L12.3										
MONDO:0018769	isosporiasis	oio:hasExactSynonym		Isosporosis	ICD10CM:A07.3	Isosporiasis					Isosporosis	ICD10CM:A07.3										
MONDO:0018805	bile duct cyst	oio:hasExactSynonym		choledochal cyst	ICD10CM:Q44.4	Choledochal cyst					choledochal cyst	ICD10CM:Q44.4										
MONDO:0018852	achromatopsia	oio:hasExactSynonym		achromatopsia	ICD10CM:H53.51	Achromatopsia		http://purl.obolibrary.org/obo/mondo#CLINGEN_LABEL			achromatopsia	ICD10CM:H53.51										
MONDO:0018879	lichen planopilaris	oio:hasExactSynonym		follicular lichen planus	ICD10CM:L66.1	Lichen planopilaris					follicular lichen planus	ICD10CM:L66.1										
MONDO:0018912	Cushing syndrome	oio:hasExactSynonym		Cushing's syndrome	ICD10CM:E24	Cushing's syndrome					Cushing's syndrome	ICD10CM:E24										
MONDO:0018920	peripartum cardiomyopathy	oio:hasExactSynonym		peripartum cardiomyopathy	ICD10CM:O90.3	Peripartum cardiomyopathy					peripartum cardiomyopathy	ICD10CM:O90.3										
MONDO:0018965	Alport syndrome	oio:hasExactSynonym		Alport syndrome	ICD10CM:Q87.81	Alport syndrome		http://purl.obolibrary.org/obo/mondo#CLINGEN_LABEL			Alport syndrome	ICD10CM:Q87.81										
MONDO:0018979	multifocal motor neuropathy	oio:hasExactSynonym		MMN	ICD10CM:G61.82	Multifocal motor neuropathy	http://purl.obolibrary.org/obo/mondo#ABBREVIATION	http://purl.obolibrary.org/obo/mondo#ABBREVIATION			MMN	ICD10CM:G61.82	http://purl.obolibrary.org/obo/mondo#ABBREVIATION									
MONDO:0019019	osteogenesis imperfecta	oio:hasExactSynonym		Osteopsathyrosis	ICD10CM:Q78.0	Osteogenesis imperfecta					Osteopsathyrosis	ICD10CM:Q78.0										
MONDO:0019082	bullous pemphigoid	oio:hasExactSynonym		bullous pemphigoid	ICD10CM:L12.0	Bullous pemphigoid					bullous pemphigoid	ICD10CM:L12.0										
MONDO:0019095	plague	oio:hasExactSynonym		plague	ICD10CM:A20	Plague					plague	ICD10CM:A20										
MONDO:0019118	inherited retinal dystrophy	oio:hasExactSynonym		hereditary retinal dystrophy	ICD10CM:H35.5	Hereditary retinal dystrophy					hereditary retinal dystrophy	ICD10CM:H35.5										
MONDO:0019121	pneumocystosis	oio:hasExactSynonym		pneumocystosis	ICD10CM:B59	Pneumocystosis					pneumocystosis	ICD10CM:B59										
MONDO:0019124	microscopic polyangiitis	oio:hasExactSynonym		microscopic polyarteritis	ICD10CM:M31.7	Microscopic polyangiitis					microscopic polyarteritis	ICD10CM:M31.7										
MONDO:0019127	polymyositis	oio:hasExactSynonym		polymyositis	ICD10CM:M33.2	Polymyositis					polymyositis	ICD10CM:M33.2										
MONDO:0019137	non-24-hour sleep-wake syndrome	oio:hasExactSynonym		circadian rhythm sleep disorder, free running type	ICD10CM:G47.24	Circadian rhythm sleep disorder, free running type					circadian rhythm sleep disorder, free running type	ICD10CM:G47.24										
MONDO:0019139	acquired hemophilia	oio:hasExactSynonym		acquired hemophilia	ICD10CM:D68.311	Acquired hemophilia					acquired hemophilia	ICD10CM:D68.311										
MONDO:0019170	polyarteritis nodosa	oio:hasExactSynonym		polyarteritis nodosa	ICD10CM:M30.0	Polyarteritis nodosa					polyarteritis nodosa	ICD10CM:M30.0										
MONDO:0019180	hereditary hemorrhagic telangiectasia	oio:hasExactSynonym		Rendu-Osler-Weber disease	ICD10CM:I78.0	Hereditary hemorrhagic telangiectasia					Rendu-Osler-Weber disease	ICD10CM:I78.0										
MONDO:0019180	hereditary hemorrhagic telangiectasia	oio:hasExactSynonym		hereditary hemorrhagic telangiectasia	ICD10CM:I78.0	Hereditary hemorrhagic telangiectasia		http://purl.obolibrary.org/obo/mondo#CLINGEN_LABEL			hereditary hemorrhagic telangiectasia	ICD10CM:I78.0										
MONDO:0019186	Q fever	oio:hasExactSynonym		infection due to Coxiella burnetii	ICD10CM:A78	Q fever					infection due to Coxiella burnetii	ICD10CM:A78										
MONDO:0019186	Q fever	oio:hasExactSynonym		nine Mile fever	ICD10CM:A78	Q fever					nine Mile fever	ICD10CM:A78										
MONDO:0019186	Q fever	oio:hasExactSynonym		quadrilateral fever	ICD10CM:A78	Q fever					quadrilateral fever	ICD10CM:A78										
MONDO:0019312	Hermansky-Pudlak syndrome	oio:hasExactSynonym		Hepatopulmonary Syndrome	ICD10CM:K76.81	Hepatopulmonary syndrome					Hepatopulmonary Syndrome	ICD10CM:K76.81										
MONDO:0019313	lymphatic malformation	oio:hasExactSynonym		hereditary lymphedema	ICD10CM:Q82.0	Hereditary lymphedema					hereditary lymphedema	ICD10CM:Q82.0										
MONDO:0019323	pemphigus erythematosus	oio:hasExactSynonym		Senear-Usher syndrome	ICD10CM:L10.4	Pemphigus erythematosus					Senear-Usher syndrome	ICD10CM:L10.4										
MONDO:0019345	shigellosis	oio:hasExactSynonym		shigellosis	ICD10CM:A03	Shigellosis					shigellosis	ICD10CM:A03										
MONDO:0019350	hereditary spherocytosis	oio:hasExactSynonym		hereditary spherocytosis	ICD10CM:D58.0	Hereditary spherocytosis		http://purl.obolibrary.org/obo/mondo#CLINGEN_LABEL			hereditary spherocytosis	ICD10CM:D58.0										
MONDO:0019453	myelodysplastic syndrome with multilineage dysplasia	oio:hasExactSynonym		refractory cytopenia with multilineage dysplasia	ICD10CM:D46.A	Refractory cytopenia with multilineage dysplasia					refractory cytopenia with multilineage dysplasia	ICD10CM:D46.A										
MONDO:0019464	heavy chain disease	oio:hasExactSynonym		heavy chain disease	ICD10CM:C88.2	Heavy chain disease					heavy chain disease	ICD10CM:C88.2										
MONDO:0019475	subcutaneous panniculitis-like T-cell lymphoma	oio:hasExactSynonym		subcutaneous panniculitis-like T-cell lymphoma	ICD10CM:C86.3	Subcutaneous panniculitis-like T-cell lymphoma					subcutaneous panniculitis-like T-cell lymphoma	ICD10CM:C86.3										
MONDO:0019479	histiocytic sarcoma	oio:hasExactSynonym		histiocytic sarcoma	ICD10CM:C96.A	Histiocytic sarcoma					histiocytic sarcoma	ICD10CM:C96.A										
MONDO:0019609	Zellweger spectrum disorders	oio:hasExactSynonym		Zellweger syndrome	ICD10CM:E71.510	Zellweger syndrome					Zellweger syndrome	ICD10CM:E71.510										
MONDO:0019632	Lyme disease	oio:hasExactSynonym		Lyme disease	ICD10CM:A69.2	Lyme disease					Lyme disease	ICD10CM:A69.2										
MONDO:0020066	Ehlers-Danlos syndrome	oio:hasExactSynonym		Ehlers-Danlos syndromes	ICD10CM:Q79.6	Ehlers-Danlos syndromes					Ehlers-Danlos syndromes	ICD10CM:Q79.6										
MONDO:0020128	motor neuron disorder	oio:hasExactSynonym		motor neuron disease	ICD10CM:G12.2	Motor neuron disease					motor neuron disease	ICD10CM:G12.2										
MONDO:0020398	congenital mitral stenosis	oio:hasExactSynonym		congenital mitral stenosis	ICD10CM:Q23.2	Congenital mitral stenosis					congenital mitral stenosis	ICD10CM:Q23.2										
MONDO:0020528	ACTH-dependent Cushing syndrome	oio:hasExactSynonym		pituitary-dependent Cushing's disease	ICD10CM:E24.0	Pituitary-dependent Cushing's disease					pituitary-dependent Cushing's disease	ICD10CM:E24.0										
MONDO:0021124	female infertility	oio:hasExactSynonym		female infertility	ICD10CM:N97	Female infertility					female infertility	ICD10CM:N97										
MONDO:0021309	malignant neoplasm of endocervix	oio:hasExactSynonym		malignant neoplasm of endocervix	ICD10CM:C53.0	Malignant neoplasm of endocervix					malignant neoplasm of endocervix	ICD10CM:C53.0										
MONDO:0021644	esophageal varices without bleeding	oio:hasExactSynonym		esophageal varices without bleeding	ICD10CM:I85.00	Esophageal varices without bleeding					esophageal varices without bleeding	ICD10CM:I85.00										
MONDO:0021723	vaginismus	oio:hasExactSynonym		vaginismus	ICD10CM:N94.2	Vaginismus					vaginismus	ICD10CM:N94.2										
MONDO:0022171	chromhidrosis	oio:hasExactSynonym		chromhidrosis	ICD10CM:L75.1	Chromhidrosis					chromhidrosis	ICD10CM:L75.1										
MONDO:0022697	athetoid cerebral palsy	oio:hasExactSynonym		athetoid cerebral palsy	ICD10CM:G80.3	Athetoid cerebral palsy					athetoid cerebral palsy	ICD10CM:G80.3										
MONDO:0022697	athetoid cerebral palsy	oio:hasExactSynonym		dyskinetic cerebral palsy	ICD10CM:G80.3	Athetoid cerebral palsy					dyskinetic cerebral palsy	ICD10CM:G80.3										
MONDO:0023297	guttate psoriasis	oio:hasExactSynonym		guttate psoriasis	ICD10CM:L40.4	Guttate psoriasis					guttate psoriasis	ICD10CM:L40.4										
MONDO:0024356	primary central sleep apnea syndrome	oio:hasExactSynonym		primary central sleep apnea	ICD10CM:G47.31	Primary central sleep apnea					primary central sleep apnea	ICD10CM:G47.31										
MONDO:0024377	circadian rhythm sleep disorder, delayed sleep phase type	oio:hasExactSynonym		delayed sleep phase syndrome	ICD10CM:G47.21	Circadian rhythm sleep disorder, delayed sleep phase type					delayed sleep phase syndrome	ICD10CM:G47.21										
MONDO:0024378	circadian rhythm sleep disorder, advanced sleep phase type	oio:hasExactSynonym		circadian rhythm sleep disorder, advanced sleep phase type	ICD10CM:G47.22	Circadian rhythm sleep disorder, advanced sleep phase type					circadian rhythm sleep disorder, advanced sleep phase type	ICD10CM:G47.22										
MONDO:0024379	circadian rhythm sleep disorder, irregular sleep wake type	oio:hasExactSynonym		irregular sleep-wake pattern	ICD10CM:G47.23	Circadian rhythm sleep disorder, irregular sleep wake type					irregular sleep-wake pattern	ICD10CM:G47.23										
MONDO:0024574	von Willebrand disease (hereditary or acquired)	oio:hasExactSynonym		von Willebrand's disease	ICD10CM:D68.0	Von Willebrand's disease					von Willebrand's disease	ICD10CM:D68.0										
MONDO:0024647	urolithiasis	oio:hasExactSynonym		urolithiasis	ICD10CM:N20-N23	Urolithiasis (N20-N23)	http://purl.obolibrary.org/obo/mondo#GENERATED				urolithiasis	ICD10CM:N20-N23	http://purl.obolibrary.org/obo/mondo#GENERATED									
MONDO:0024652	embryonic cyst of fallopian tube	oio:hasExactSynonym		embryonic cyst of fallopian tube	ICD10CM:Q50.4	Embryonic cyst of fallopian tube					embryonic cyst of fallopian tube	ICD10CM:Q50.4										
MONDO:0025514	livedoid vasculopathy	oio:hasExactSynonym		livedoid vasculitis	ICD10CM:L95.0	Livedoid vasculitis					livedoid vasculitis	ICD10CM:L95.0										
MONDO:0030602	Klebsiella pneumonia	oio:hasExactSynonym		pneumonia due to Klebsiella pneumoniae	ICD10CM:J15.0	Pneumonia due to Klebsiella pneumoniae					pneumonia due to Klebsiella pneumoniae	ICD10CM:J15.0										
MONDO:0043209	albinism	oio:hasExactSynonym		albinism	ICD10CM:E70.3	Albinism					albinism	ICD10CM:E70.3										
MONDO:0044210	thalassemia minor	oio:hasExactSynonym		beta thalassemia trait	ICD10CM:D56.3	Thalassemia minor					beta thalassemia trait	ICD10CM:D56.3										
MONDO:0100347	carcinoid syndrome	oio:hasExactSynonym		carcinoid syndrome	ICD10CM:E34.0	Carcinoid syndrome					carcinoid syndrome	ICD10CM:E34.0										
MONDO:0800029	interstitial lung disease 2	oio:hasExactSynonym		Idiopathic Pulmonary Fibrosis	ICD10CM:J84.112	Idiopathic pulmonary fibrosis					Idiopathic Pulmonary Fibrosis	ICD10CM:J84.112										
MONDO:0800029	interstitial lung disease 2	oio:hasExactSynonym		cryptogenic fibrosing alveolitis	ICD10CM:J84.112	Idiopathic pulmonary fibrosis					cryptogenic fibrosing alveolitis	ICD10CM:J84.112										
MONDO:8000010	antiphospholipid syndrome	oio:hasExactSynonym		antiphospholipid antibody syndrome	ICD10CM:D68.61	Antiphospholipid syndrome					antiphospholipid antibody syndrome	ICD10CM:D68.61										
MONDO:8000010	antiphospholipid syndrome	oio:hasExactSynonym		antiphospholipid syndrome	ICD10CM:D68.61	Antiphospholipid syndrome					antiphospholipid syndrome	ICD10CM:D68.61										
