synonym	mondo_id	source_id	case	synonym_type	filtered_because_this_mondo_id_already_has_this_synonym_as_its_label
22q11 deletion syndrome	MONDO:0008644		unconfirmed		
22q11 deletion syndrome	MONDO:0018923	icd11.foundation:1868156761	added		
5p partial monosomy syndrome	MONDO:0007404	DOID:12580	confirmed		
5p partial monosomy syndrome	MONDO:0007404	NCIT:C34518	confirmed		
5p partial monosomy syndrome	MONDO:0016887	icd11.foundation:1109271336	added		
APC-related AFAP	MONDO:0016362	Orphanet:220460	added		
APC-related AFAP	MONDO:0016613	Orphanet:247806	unconfirmed		
APC-related attenuated FAP	MONDO:0016362	Orphanet:220460	added		
APC-related attenuated FAP	MONDO:0016613	Orphanet:247806	unconfirmed		
APC-related attenuated familial polyposis coli	MONDO:0016362	Orphanet:220460	added		
APC-related attenuated familial polyposis coli	MONDO:0016613	Orphanet:247806	unconfirmed		
Abdominal obesity-metabolic syndrome	MONDO:0000816	OMIMPS:605552	added		
Abdominal obesity-metabolic syndrome	MONDO:0011566		unconfirmed		
Accessory tricuspid valve tissue	MONDO:0009144	icd11.foundation:307157712	added		
Accessory tricuspid valve tissue	MONDO:0019815	Orphanet:95462	added		
Ackerman syndrome	MONDO:0008706	OMIM:200970	confirmed		
Ackerman syndrome	MONDO:0008706	icd11.foundation:1946127088	confirmed		
Ackerman syndrome	MONDO:0019199	Orphanet:79099	added		
Ackerman syndrome	MONDO:0019199	Orphanet:79099	added		MONDO:0008706
Acrania	MONDO:0000819	ICD10CM:Q00.0	added		
Acrania	MONDO:0019795	icd11.foundation:1719021696	confirmed		
Acute myocardial infarction	MONDO:0004781	ICD10WHO:I21	added		
Acute myocardial infarction	MONDO:0004781	icd11.foundation:1334938734	added		
Acute myocardial infarction	MONDO:0005068	ICD10CM:I21	added		
Acute myocarditis	MONDO:0002815	ICD10WHO:I40	added		
Acute myocarditis	MONDO:0004496	ICD10CM:I40	added		
Addison's disease	MONDO:0015129	DOID:13774	added		
Addison's disease	MONDO:0100480	DOID:13774	unconfirmed		
Addison's disease	MONDO:0100480	NCIT:C26689	unconfirmed		
Adenocarcinoma	MONDO:0003193	NCIT:C27813	added		
Adenocarcinoma	MONDO:0005028	NCIT:C4025	added		
Adenocarcinoma	MONDO:0005036	NCIT:C4004	added		
Adenocarcinoma	MONDO:0005061	NCIT:C3512	added		
Adenocarcinoma	MONDO:0005153	NCIT:C4029	added		
Adult hyaline membrane disease	MONDO:0006502	ICD10CM:J80	added		
Adult hyaline membrane disease	MONDO:0100130	icd11.foundation:1466842111	added		
African trypanosomiasis	MONDO:0000940	ICD10CM:B56	added		
African trypanosomiasis	MONDO:0005459	DOID:10112	confirmed		
African trypanosomiasis	MONDO:0005459	MTH:NOCODE	unconfirmed		
African trypanosomiasis	MONDO:0005459	NCIT:C84541	confirmed		
African trypanosomiasis	MONDO:0005459	Orphanet:3385	confirmed		
Aniridia	MONDO:0007119	OMIMPS:106210	added		
Aniridia	MONDO:0019172	ICD10CM:Q13.1	added		
Aniridia	MONDO:0019172	NCIT:C84563	added		
Aniridia	MONDO:0019172	icd11.foundation:970699895	added		
Anodontia	MONDO:0005486	ICD10CM:K00.0	added		
Anodontia	MONDO:0008797	Orphanet:99797	added		
Anodontia	MONDO:0008797	icd11.foundation:413433873	added		
Anthracosilicosis	MONDO:0006653	NCIT:C34389	added		
Anthracosilicosis	MONDO:0006654	ICD10CM:J60	added		
Aortic septal defect	MONDO:0016077	icd11.foundation:1988278118	added		
Aortic septal defect	MONDO:0021902	ICD10CM:Q21.4	added		
Arginine vasopressin deficiency	MONDO:0007450	NCIT:C84933	confirmed		
Arginine vasopressin deficiency	MONDO:0015790	Orphanet:178029	added		
Ataxia-telangiectasia-like disorder	MONDO:0011457	OMIMPS:604391	added		
Ataxia-telangiectasia-like disorder	MONDO:0011457	icd11.foundation:242329289	added		
Ataxia-telangiectasia-like disorder	MONDO:0024557	Orphanet:251347	added		
Atelencephaly	MONDO:0035449	Orphanet:566852	added		
Atelencephaly	MONDO:0035450	icd11.foundation:1740361952	added		
Au-Kline syndrome	MONDO:0014700	OMIM:616580	confirmed		
Au-Kline syndrome	MONDO:0018681	Orphanet:453499	added		
Au-Kline syndrome	MONDO:0018681	Orphanet:453499	added		MONDO:0014700
Autoinflammation, panniculitis, and dermatosis syndrome	MONDO:0014912	OMIM:617099	unconfirmed		
Autoinflammation, panniculitis, and dermatosis syndrome	MONDO:0975955	OMIMPS:617099	added		
Axenfeld syndrome	MONDO:0019187	DOID:14686	confirmed		
Axenfeld syndrome	MONDO:0019187	Orphanet:782	confirmed		
Axenfeld syndrome	MONDO:0020368	icd11.foundation:1703498511	added		
Balanoposthitis	MONDO:0001618	ICD10CM:N47.6	added		
Balanoposthitis	MONDO:0006672	ICD10WHO:N48.1	added		
Baralle-Macken syndrome	MONDO:0859002	Orphanet:633035	added		MONDO:0031002
Bartter syndrome type 5	MONDO:0010503	Orphanet:570371	added		
Bartter syndrome type 5	MONDO:0016983		unconfirmed		
Bartter syndrome type V	MONDO:0010503	Orphanet:570371	added		
Bartter syndrome type V	MONDO:0016983		unconfirmed		
Berardinelli-Seip syndrome	MONDO:0010020	DOID:0111136	confirmed		
Berardinelli-Seip syndrome	MONDO:0018883	Orphanet:528	added		
Berardinelli-Seip syndrome	MONDO:0018883	icd11.foundation:1628738474	added		
Birt-Hogg-Dube syndrome	MONDO:0800444	OMIMPS:135150	added		
Birt-Hogg-Dube syndrome	MONDO:0800445	DOID:0050676	added		
Birt-Hogg-Dube syndrome	MONDO:0800445	DOID:0050676	added		MONDO:0800444
Buckley syndrome	MONDO:0007818	Orphanet:2314	confirmed		
Buckley syndrome	MONDO:0018037	icd11.foundation:223461798	added		
Buphthalmus	MONDO:0009277	Orphanet:98976	added		
Buphthalmus	MONDO:0020366		unconfirmed		
CTCF-related neurodevelopmental disorder	MONDO:0014213	Orphanet:363611	added		MONDO:0700294
Carey-Fineman-Ziter syndrome	MONDO:0031415	OMIMPS:254940	added		
Carey-Fineman-Ziter syndrome	MONDO:0031415	Orphanet:1358	added		
Carey-Fineman-Ziter syndrome	MONDO:0031415	icd11.foundation:1784462638	added		
Carey-Fineman-Ziter syndrome	MONDO:0800437	DOID:0080194	added		
Carey-Fineman-Ziter syndrome	MONDO:0800437	DOID:0080194	added		MONDO:0031415
Cerebral folate deficiency	MONDO:0013110	Orphanet:217382	added		
Cerebral folate deficiency	MONDO:0100034	icd11.foundation:1137222547	added		
Charcot-Marie-Tooth disease	MONDO:0015358	ICD10CM:G60.0	added		
Charcot-Marie-Tooth disease	MONDO:0015358	ICD10CM:G60.0	added		MONDO:0015626
Charcot-Marie-Tooth disease	MONDO:0015364	icd11.foundation:1091217288	added		
Charcot-Marie-Tooth disease	MONDO:0015364	icd11.foundation:1091217288	added		MONDO:0015626
Charcot-Marie-Tooth disease	MONDO:0015626	DOID:10595	confirmed		
Charcot-Marie-Tooth disease	MONDO:0015626	NCIT:C75467	confirmed		
Charcot-Marie-Tooth disease	MONDO:0015626	OMIMPS:118220	confirmed		
Chilblain lupus	MONDO:0018827	OMIMPS:610448	added		
Chilblain lupus	MONDO:0019557	DOID:0060386	added		
Chilblain lupus	MONDO:0019557	Orphanet:90280	added		
Chronic Eosinophilic Pneumonia	MONDO:0004806	NCIT:C34471	added		
Chronic Eosinophilic Pneumonia	MONDO:0017363	NORD:967	unconfirmed		
Chronic Eosinophilic Pneumonia	MONDO:0017363	Orphanet:2902	confirmed		
Closed spina bifida	MONDO:0000859	Orphanet:645202	added		
Closed spina bifida	MONDO:0017069	icd11.foundation:979482551	added		
Cogan's syndrome	MONDO:0001694	ICD10CM:H16.32	added		
Cogan's syndrome	MONDO:0015453	DOID:0060216	confirmed		
Congenital entropion	MONDO:0020159	ICD10CM:Q10.2	added		
Congenital entropion	MONDO:0034971	icd11.foundation:1290880184	added		
Cowden syndrome 1	MONDO:0007924	DOID:0050657	added		
Cowden syndrome 1	MONDO:0007924	DOID:0050657	added		MONDO:0008021
Cowden syndrome 1	MONDO:0008021	MONDO:Lexical	unconfirmed		
Cowden syndrome 1	MONDO:0008021	OMIM:158350	confirmed		
Creeping myiasis	MONDO:0018857	Orphanet:504	added		
Creeping myiasis	MONDO:0018857	icd11.foundation:1282509430	added		
Creeping myiasis	MONDO:0020568	ICD10CM:B87.0	added		
Cryoglobulinemic vasculitis	MONDO:0005576	ICD10CM:D89.1	added		
Cryoglobulinemic vasculitis	MONDO:0005576	ICD10CM:D89.1	added		MONDO:0007407
Cryoglobulinemic vasculitis	MONDO:0007407	Orphanet:91138	added		
Cystic echinococcosis	MONDO:0005738	icd11.foundation:1456802165	added		
Cystic echinococcosis	MONDO:0018408	Orphanet:400	added		
Davies disease	MONDO:0006746	icd11.foundation:365224859	added		
Davies disease	MONDO:0019158	Orphanet:75565	confirmed		
DeToni-Debré-Fanconi syndrome	MONDO:0007600	Orphanet:3337	added		
DeToni-Debré-Fanconi syndrome	MONDO:0024525		unconfirmed		
Degos disease	MONDO:0011208	NCIT:C84835	confirmed		
Degos disease	MONDO:0011208	OMIM:602248	confirmed		
Degos disease	MONDO:0011208	icd11.foundation:792094526	confirmed		
Degos disease	MONDO:0958110	Orphanet:656071	added		
Devergie's disease	MONDO:0008251		unconfirmed		
Devergie's disease	MONDO:0100017	icd11.foundation:2048594962	added		
Dias-Logan syndrome	MONDO:0014914	OMIM:617101	confirmed		
Dias-Logan syndrome	MONDO:0850059	Orphanet:619233	added		
Dias-Logan syndrome	MONDO:0850059	Orphanet:619233	added		MONDO:0014914
Distal renal tubular acidosis	MONDO:0015827	Orphanet:18	added		
Distal renal tubular acidosis	MONDO:1060161	OMIMPS:179800	added		
Dumping syndrome	MONDO:0001979	icd11.foundation:237191235	added		
Dumping syndrome	MONDO:0004566	ICD10CM:K91.1	added		
Eales disease	MONDO:0006950	ICD10CM:H35.06	added		
Eales disease	MONDO:0006950	ICD10CM:H35.06	added		MONDO:0018460
Eales disease	MONDO:0018460	Orphanet:40923	added		
Eales disease	MONDO:0018460	icd11.foundation:945788847	added		
Epilepsy of infancy with migrating focal seizures	MONDO:0017385	Orphanet:293181	added		
Epilepsy of infancy with migrating focal seizures	MONDO:0100025	icd11.foundation:1727727812	added		
FATCO syndrome	MONDO:0009526	OMIM:246570	confirmed		
FATCO syndrome	MONDO:0016641	Orphanet:2492	added		
Familial anetoderma	MONDO:0016444	icd11.foundation:308286033	added		
Familial anetoderma	MONDO:0016445	Orphanet:228277	added		
Familial hypocalciuric hypercalcemia	MONDO:0001566	ICD10CM:E83.52	added		
Familial hypocalciuric hypercalcemia	MONDO:0018458	Orphanet:405	added		
Familial nasal acilia	MONDO:0016575	icd11.foundation:1713839459	added		
Familial nasal acilia	MONDO:0019634	Orphanet:922	added		
Fanconi renotubular syndrome	MONDO:0100238	OMIMPS:134600	added		MONDO:0001083
Fowler syndrome	MONDO:0009168	DOID:0111666	confirmed		
Fowler syndrome	MONDO:0009168	OMIM:225790	confirmed		
Fowler syndrome	MONDO:0017200	Orphanet:2795	added		
Fowler syndrome	MONDO:0017200	Orphanet:2795	added		MONDO:0009168
Franceschetti syndrome	MONDO:0002457	DOID:2908	confirmed		
Franceschetti syndrome	MONDO:0015483	ICD10CM:Q75.4	added		
Franklin disease	MONDO:0015046	NCIT:C3083	confirmed		
Franklin disease	MONDO:0015046	Orphanet:100026	confirmed		
Franklin disease	MONDO:0015046	icd11.foundation:705015637	confirmed		
Franklin disease	MONDO:0019464	ICD10CM:C88.2	added		
Frantz tumor	MONDO:0018525	Orphanet:424065	added		
Frantz tumor	MONDO:0044786		unconfirmed		
GSD type 9A	MONDO:0010598	DOID:0111042	confirmed		
GSD type 9A	MONDO:0020693	Orphanet:264580	added		
GSD type 9C	MONDO:0013091	DOID:0111043	confirmed		
GSD type 9C	MONDO:0013091	https://www.ncbi.nlm.nih.gov/books/NBK55061/	unconfirmed		
GSD type 9C	MONDO:0020693	Orphanet:264580	added		
GSD type IXa	MONDO:0010598	DOID:0111042	confirmed		
GSD type IXa	MONDO:0020693	Orphanet:264580	added		
GSD type IXc	MONDO:0013091	DOID:0111043	confirmed		
GSD type IXc	MONDO:0013091	https://www.ncbi.nlm.nih.gov/books/NBK55061/	unconfirmed		
GSD type IXc	MONDO:0020693	Orphanet:264580	added		
Garcia-Lurie syndrome	MONDO:0008811	OMIM:207770	confirmed		
Garcia-Lurie syndrome	MONDO:0008811	Orphanet:3469	confirmed		
Garcia-Lurie syndrome	MONDO:0035450	icd11.foundation:1740361952	added		
Giant axonal neuropathy	MONDO:0000128	OMIMPS:256850	added		
Giant axonal neuropathy	MONDO:0000128	icd11.foundation:1848636316	added		
Giant axonal neuropathy	MONDO:0009749	Orphanet:643	added		
Gingival fibromatosis	MONDO:0002507	ICD10CM:K06.1	added		
Gingival fibromatosis	MONDO:0016070	OMIMPS:135300	added		
Goldberg-Maxwell syndrome	MONDO:0019154	DOID:4674	confirmed		
Goldberg-Maxwell syndrome	MONDO:0019154	Orphanet:754	confirmed		
Goldberg-Maxwell syndrome	MONDO:0021023	ICD10CM:E34.51	added		
Guillain Barre syndrome	MONDO:0016218	NCIT:C116345	confirmed		
Guillain Barre syndrome	MONDO:0020347	icd11.foundation:1196874419	added		
Gynecomastia	MONDO:0001100	ICD10CM:N62	added		
Gynecomastia	MONDO:0001571	NCIT:C3073	added		
Hallervorden-Spatz disease	MONDO:0009319	DOID:3981	confirmed	http://purl.obolibrary.org/obo/mondo#DEPRECATED|http://purl.obolibrary.org/obo/mondo#DEPRECATED	
Hallervorden-Spatz disease	MONDO:0009319	OMIM:234200	confirmed	http://purl.obolibrary.org/obo/mondo#DEPRECATED|http://purl.obolibrary.org/obo/mondo#DEPRECATED	
Hallervorden-Spatz disease	MONDO:0018307	icd11.foundation:440483530	added	http://purl.obolibrary.org/obo/mondo#DEPRECATED|http://purl.obolibrary.org/obo/mondo#DEPRECATED	
Hereditary acrokeratotic poikiloderma	MONDO:0008260	icd11.foundation:726317303	added		
Hereditary acrokeratotic poikiloderma	MONDO:0017365	Orphanet:2907	added		
Heritable pulmonary arterial hypertension	MONDO:0001999	ICD10CM:I27.0	added		
Heritable pulmonary arterial hypertension	MONDO:0017148	Orphanet:275777	added		
Hyperaldosteronism	MONDO:0003009	ICD10CM:E26	added		
Hyperaldosteronism	MONDO:0003009	ICD10WHO:E26	added		
Hyperaldosteronism	MONDO:0003009	icd11.foundation:1937534076	added		
Hyperaldosteronism	MONDO:0016525	OMIMPS:103900	added		
Hypochondrogenesis	MONDO:0019648	ICD10CM:Q77.0	added		
Hypochondrogenesis	MONDO:0019669	Orphanet:93297	added		
Hypochondrogenesis	MONDO:0019669	icd11.foundation:1494246635	added		
Hypophosphatasia	MONDO:0009948	NORD:1276	unconfirmed		
Hypophosphatasia	MONDO:0018570	NCIT:C26798	added		
Hypophosphatasia	MONDO:0018570	Orphanet:436	added		
Hypophosphatasia	MONDO:0018570	icd11.foundation:422012968	added		
Idiopathic pulmonary arterial hypertension	MONDO:0001999	ICD10CM:I27.0	added		
Idiopathic pulmonary arterial hypertension	MONDO:0017147	Orphanet:275766	added		
Idiopathic pulmonary arterial hypertension	MONDO:0017147	icd11.foundation:265520344	added		
IgA nephropathy	MONDO:0005342	DOID:2986	confirmed		
IgA nephropathy	MONDO:0005342	NCIT:C34643	confirmed		
IgA nephropathy	MONDO:0005342	Orphanet:34145	confirmed		
IgA nephropathy	MONDO:0100555	OMIMPS:161950	added		
Indian tick typhus	MONDO:0000229	DOID:0050042	added		
Indian tick typhus	MONDO:0024472	icd11.foundation:1771381430	added		
Indian tick typhus	MONDO:0024472	icd11.foundation:1771381430	added		MONDO:0000229
Indolent systemic mastocytosis	MONDO:0016586	ICD10CM:D47.02	added		
Indolent systemic mastocytosis	MONDO:0020331	NCIT:C9286	added		
Indolent systemic mastocytosis	MONDO:0020331	Orphanet:98848	added		
Indolent systemic mastocytosis	MONDO:0020331	icd11.foundation:353283231	added		
Isaacs-Mertens syndrome	MONDO:0008047	OMIM:160120	unconfirmed		
Isaacs-Mertens syndrome	MONDO:0008047	Orphanet:84142	unconfirmed		
Isaacs-Mertens syndrome	MONDO:0008047	https://www.ncbi.nlm.nih.gov/books/NBK25442/	unconfirmed		
Isaacs-Mertens syndrome	MONDO:0019399	Orphanet:84142	added		
Isaacs-Mertens syndrome	MONDO:0019399	icd11.foundation:646523932	added		
Isolated bone marrow mastocytosis	MONDO:0015558	Orphanet:158778	added		
Isolated bone marrow mastocytosis	MONDO:0015558	icd11.foundation:922733413	added		
Isolated bone marrow mastocytosis	MONDO:0016586	ICD10CM:D47.02	added		
Jacobs syndrome	MONDO:0008828	DOID:0090127	confirmed		
Jacobs syndrome	MONDO:0008828	OMIM:208250	confirmed		
Jacobs syndrome	MONDO:0019339	Orphanet:8	added		
Kerion	MONDO:0002967	ICD10CM:B35.0	added		
Kerion	MONDO:0010146	icd11.foundation:1449494917	added		
Kleine-Levin syndrome	MONDO:0004617	ICD10CM:G47.13	added		
Kleine-Levin syndrome	MONDO:0004617	ICD10CM:G47.13	added		MONDO:0007863
Kleine-Levin syndrome	MONDO:0007863	DOID:0060165	confirmed		
Kleine-Levin syndrome	MONDO:0007863	NCIT:C84800	confirmed		
Kleine-Levin syndrome	MONDO:0007863	OMIM:148840	confirmed		
Kleine-Levin syndrome	MONDO:0007863	Orphanet:33543	confirmed		
Kleine-Levin syndrome	MONDO:0007863	icd11.foundation:1180849398	confirmed		
Knobloch syndrome	MONDO:0800166	OMIMPS:267750	added		
Knobloch syndrome	MONDO:0800166	icd11.foundation:1664056510	added		
Knobloch syndrome	MONDO:0800167	Orphanet:1571	added		
Knobloch syndrome	MONDO:0800167	Orphanet:1571	added		MONDO:0800166
Kocher-Debre-Semelaigne syndrome	MONDO:0016521		unconfirmed		
Kocher-Debre-Semelaigne syndrome	MONDO:0023558	icd11.foundation:109007822	added		
Koolen de Vries syndrome	MONDO:0012496		unconfirmed		
Koolen de Vries syndrome	MONDO:0018216	DOID:0050880	added		
Kufs disease	MONDO:0016295	ICD10CM:E75.4	added		
Kufs disease	MONDO:0019260	icd11.foundation:1460031344	confirmed		
Köhlmeier-Degos disease	MONDO:0011208		unconfirmed		
Köhlmeier-Degos disease	MONDO:0958110	Orphanet:656071	added		
LADD syndrome	MONDO:0007872	DOID:0081370	confirmed		
LADD syndrome	MONDO:0007872	Orphanet:2363	confirmed		
LADD syndrome	MONDO:0100302	OMIM:149730	added		
LADD syndrome	MONDO:0100302	OMIM:149730	added		MONDO:0007872
Leber's optic atrophy	MONDO:0010788	DOID:705	confirmed		
Leber's optic atrophy	MONDO:0043878	ICD10CM:H47.22	added		
Lou Gehrig disease	MONDO:0004976	NCIT:C34373	confirmed		
Lou Gehrig disease	MONDO:0004976	Orphanet:803	confirmed		
Lou Gehrig disease	MONDO:0020128	icd11.foundation:661720689	added		
Lymphoepithelioid lymphoma	MONDO:0000430	ICD10CM:C84.4	added		
Lymphoepithelioid lymphoma	MONDO:0004964	icd11.foundation:855224800	added		
Maculopapular cutaneous mastocytosis	MONDO:0019023	ICD10CM:D47.01	added		
Maculopapular cutaneous mastocytosis	MONDO:0019316	Orphanet:79457	added		
Maculopapular cutaneous mastocytosis	MONDO:0019316	icd11.foundation:245322245	added		
Malignant Histiocytosis	MONDO:0004612	NCIT:C7202	added		
Malignant Histiocytosis	MONDO:0019479	icd11.foundation:911785965	added		
Malignant histiocytosis	MONDO:0004612	NCIT:C7202	added		
Malignant histiocytosis	MONDO:0019479	ICD10CM:C96.A	added		
Mediterranean anaemia	MONDO:0016486		unconfirmed	http://purl.obolibrary.org/obo/OMO_0003005	
Mediterranean anaemia	MONDO:0019402	icd11.foundation:2063292324	added	http://purl.obolibrary.org/obo/OMO_0003005	
Meester-Loeys syndrome	MONDO:0010515	DOID:0111861	confirmed		
Meester-Loeys syndrome	MONDO:0010515	NCIT:C187989	confirmed		
Meester-Loeys syndrome	MONDO:0010515	OMIM:300989	confirmed		
Meester-Loeys syndrome	MONDO:0850095	Orphanet:622925	added		
Meester-Loeys syndrome	MONDO:0850095	Orphanet:622925	added		MONDO:0010515
Mesonephroma, benign	MONDO:0004255	NCIT:C40141	added		
Mesonephroma, benign	MONDO:0024889	DOID:2616	confirmed		
Miller Fisher Syndrome	MONDO:0005851	NCIT:C116958	added		
Miller Fisher Syndrome	MONDO:0016218	ICD10CM:G61.0	added		
Mucolipidosis	MONDO:0019248	NCIT:C61267	added		
Mucolipidosis	MONDO:0019248	Orphanet:79212	added		
Mucolipidosis	MONDO:0019248	icd11.foundation:714623911	added		
Mucolipidosis	MONDO:0031422	OMIMPS:256550	added		
Multicystic dysplastic kidney	MONDO:0015988	Orphanet:1851	added		
Multicystic dysplastic kidney	MONDO:0015988	icd11.foundation:1178642763	added		
Multicystic dysplastic kidney	MONDO:0019638	ICD10CM:Q61.4	added		
Myotonic Dystrophy	MONDO:0008056	NORD:1075	unconfirmed		
Myotonic Dystrophy	MONDO:0016107	NCIT:C84914	added		
NAO syndrome	MONDO:0009809	OMIM:259600	confirmed		
NAO syndrome	MONDO:0018298	Orphanet:371428	added		
NET of the colon	MONDO:0002882	Orphanet:100080	added		
NET of the colon	MONDO:0015067		unconfirmed		
Narcolepsy	MONDO:0021107	ICD10CM:G47.41	added		
Narcolepsy	MONDO:0021107	NCIT:C84489	added		
Narcolepsy	MONDO:0021107	Orphanet:619284	added		
Narcolepsy	MONDO:0021107	icd11.foundation:1201727099	added		
Narcolepsy	MONDO:0100554	OMIMPS:161400	added		
Nephropathia epidemica	MONDO:0005784	ICD10CM:A98.5	added		
Nephropathia epidemica	MONDO:0018081	icd11.foundation:1059069619	added		
Non-syndromic hypogammaglobulinemia	MONDO:0011096	Orphanet:33110	added		
Non-syndromic hypogammaglobulinemia	MONDO:0016462	Orphanet:229717	added		
Okamoto syndrome	MONDO:0014700	OMIM:616580	confirmed		
Okamoto syndrome	MONDO:0018681	Orphanet:453499	added		
Optic atrophy	MONDO:0003608	ICD10CM:H47.2	added		
Optic atrophy	MONDO:0003608	icd11.foundation:568505454	added		
Optic atrophy	MONDO:0043878	OMIMPS:165500	added		
Overproduction of pituitary ACTH	MONDO:0009050	icd11.foundation:380861892	added		
Overproduction of pituitary ACTH	MONDO:0020528	ICD10CM:E24.0	added		
Paget's disease of breast	MONDO:0002648	NCIT:C47857	confirmed		
Paget's disease of breast	MONDO:0007254	ICD10CM:C50	added		
Paget's disease of nipple	MONDO:0007254	ICD10CM:C50	added		
Paget's disease of nipple	MONDO:0015873	NCIT:C3301	confirmed		
Panhypopituitarism	MONDO:0005152	ICD10CM:E23.0	added		
Panhypopituitarism	MONDO:0019591	NCIT:C110940	added		
Panhypopituitarism	MONDO:0019591	icd11.foundation:1576287890	added		
Panic disorder	MONDO:0005383	icd11.foundation:56162827	added		
Panic disorder	MONDO:0031240	OMIMPS:167870	added		
Parotitis	MONDO:0005900	NCIT:C114281	added		
Parotitis	MONDO:0006969	ICD10CM:K11.2	added		
Peritonitis	MONDO:0004522	ICD10CM:K65	added		
Peritonitis	MONDO:0004522	NCIT:C26849	added		
Peritonitis	MONDO:1010128	ICD10WHO:K65	added		
Peritonitis	MONDO:1010128	icd11.foundation:775356003	added		
Precocious menstruation	MONDO:0000088	ICD10CM:E30.1	added		
Precocious menstruation	MONDO:0015791	icd11.foundation:1495024153	added		
Precocious puberty	MONDO:0000088	ICD10CM:E30.1	added		
Precocious puberty	MONDO:0015791	icd11.foundation:1495024153	added		
Primary optic atrophy	MONDO:0001084	ICD10CM:H47.21	added		
Primary optic atrophy	MONDO:0003608	icd11.foundation:568505454	added		
Primary orthostatic hypotension	MONDO:0005469	icd11.foundation:56009591	added		
Primary orthostatic hypotension	MONDO:0015914	Orphanet:182058	added		
Primary progressive aphasia	MONDO:0008243	ICD10CM:G31.01	added		
Primary progressive aphasia	MONDO:0019806	Orphanet:95432	added		
Primary sclerosing cholangitis	MONDO:0013433	ICD10CM:K83.01	added		
Primary sclerosing cholangitis	MONDO:0013433	Orphanet:171	added		
Primary sclerosing cholangitis	MONDO:0013433	icd11.foundation:857962451	added		
Primary sclerosing cholangitis	MONDO:0018646	NCIT:C4828	confirmed		
Proctitis	MONDO:0005538	NCIT:C38011	added		
Proctitis	MONDO:0019084	NORD:1615	unconfirmed		
Purpura fulminans	MONDO:0000809	icd11.foundation:1293848111	added		
Purpura fulminans	MONDO:0001243	ICD10CM:D65	added		
Restless legs syndrome	MONDO:0005391	ICD10CM:G25.81	added		
Restless legs syndrome	MONDO:0005391	icd11.foundation:1254916765	added		
Restless legs syndrome	MONDO:0100170	OMIMPS:102300	added		
Richter syndrome	MONDO:0002083	DOID:1703	confirmed		
Richter syndrome	MONDO:0002083	NCIT:C35424	confirmed		
Richter syndrome	MONDO:0002083	icd11.foundation:1736108343	confirmed		
Richter syndrome	MONDO:0004948	ICD10CM:C91.1	added		
Richter syndrome	MONDO:0004948	ICD10CM:C91.1	added		MONDO:0002083
Rippling muscle disease	MONDO:0011634	icd11.foundation:894802822	added		
Rippling muscle disease	MONDO:0019947	Orphanet:97238	added		
Roussy-Levy syndrome	MONDO:0015358	ICD10CM:G60.0	added		MONDO:0008392
Salla disease	MONDO:0011449	MONDO:Lexical	unconfirmed		
Salla disease	MONDO:0011449	NCIT:C85067	confirmed		
Salla disease	MONDO:0011449	OMIM:604369	confirmed		
Salla disease	MONDO:0011449	Orphanet:309334	confirmed		
Salla disease	MONDO:0019366	icd11.foundation:1817428569	added		
Salla disease	MONDO:0019366	icd11.foundation:1817428569	added		MONDO:0011449
Schindler disease	MONDO:0012221	icd11.foundation:1058486825	added		
Schindler disease	MONDO:0017779	DOID:0112317	confirmed		
Schindler disease	MONDO:0017779	NORD:1693	unconfirmed		
Schindler disease	MONDO:0017779	Orphanet:3137	confirmed		
Schwartz-Jampel syndrome type 1	MONDO:0009717	Orphanet:800	added		
Schwartz-Jampel syndrome type 1	MONDO:0009717	Orphanet:800	added		MONDO:0100435
Schwartz-Jampel syndrome type 1	MONDO:0100435	DOID:0090005	confirmed		
Schwartz-Jampel syndrome type 1	MONDO:0100435	MONDORULE:1	unconfirmed		
Secondary hypertension	MONDO:0001200	ICD10WHO:I15	added		
Secondary hypertension	MONDO:0001200	icd11.foundation:1331849426	added		
Secondary hypertension	MONDO:0005044	ICD10CM:I15	added		
Secondary short bowel syndrome	MONDO:0015183	icd11.foundation:780637678	added		
Secondary short bowel syndrome	MONDO:0019802	Orphanet:95427	added		
Sheehan Syndrome	MONDO:0017844	NORD:1707	unconfirmed		
Sheehan Syndrome	MONDO:0019618	NCIT:C35300	added		
Sheehan's syndrome	MONDO:0005152	ICD10CM:E23.0	added		
Sheehan's syndrome	MONDO:0019618	DOID:9476	confirmed		
Sheehan's syndrome	MONDO:0019618	NCIT:C35300	confirmed		
Sick sinus syndrome	MONDO:0001823	ICD10CM:I49.5	added		
Sick sinus syndrome	MONDO:0001823	icd11.foundation:1682594333	added		
Sick sinus syndrome	MONDO:0012061	OMIMPS:608567	added		
Simmonds' disease	MONDO:0005152	ICD10CM:E23.0	added		
Simmonds' disease	MONDO:0019591	DOID:9410	confirmed		
Simpson dysmorphia syndrome	MONDO:0010731	Orphanet:373	added		
Simpson dysmorphia syndrome	MONDO:0020602	DOID:0060248	confirmed		
Simpson dysmorphia syndrome	MONDO:0020602	OMIM:312870	confirmed		
Simpson-Golabi-Behmel syndrome type 1	MONDO:0010731	Orphanet:373	added		
Simpson-Golabi-Behmel syndrome type 1	MONDO:0010731	Orphanet:373	added		MONDO:0020602
Simpson-Golabi-Behmel syndrome type 1	MONDO:0020602	DOID:0060248	confirmed		
Sipple syndrome	MONDO:0008234	DOID:0050430	confirmed		
Sipple syndrome	MONDO:0008234	OMIM:171400	confirmed		
Sipple syndrome	MONDO:0008234	Orphanet:247698	confirmed		
Sipple syndrome	MONDO:0019003	icd11.foundation:1837913809	added		
Smoldering systemic mastocytosis	MONDO:0015557	Orphanet:158775	added		
Smoldering systemic mastocytosis	MONDO:0016586	ICD10CM:D47.02	added		
Spielmeyer-Vogt disease	MONDO:0016295	ICD10CM:E75.4	added		
Spielmeyer-Vogt disease	MONDO:0019262	icd11.foundation:1716107919	confirmed		
Spinal Muscular Atrophy	MONDO:0001516	NCIT:C85075	added		
Spinal Muscular Atrophy	MONDO:0019079	NORD:1729	unconfirmed		
Steinert disease	MONDO:0008056	DOID:11722	confirmed		
Steinert disease	MONDO:0008056	NCIT:C84679	confirmed		
Steinert disease	MONDO:0008056	OMIM:160900	confirmed		
Steinert disease	MONDO:0008056	Orphanet:273	confirmed		
Steinert disease	MONDO:0008056	icd11.foundation:557405480	confirmed		
Steinert disease	MONDO:0016107	ICD10CM:G71.11	added		
Stye	MONDO:0001642	ICD10CM:H00.01	added		
Stye	MONDO:0001642	icd11.foundation:522397394	added		
Stye	MONDO:0005800	DOID:9909	confirmed		
Stye	MONDO:0005800	NCIT:C118722	confirmed		
TSHoma	MONDO:0003837	NCIT:C7915	added		
TSHoma	MONDO:0019611		unconfirmed		
Taussig-Bing syndrome	MONDO:0018089	ICD10CM:Q20.1	added		
Taussig-Bing syndrome	MONDO:0020387	Orphanet:99045	confirmed		
Taussig-Bing syndrome	MONDO:0020387	icd11.foundation:1963185163	confirmed		
Telangiectasia macularis eruptiva perstans	MONDO:0019023	ICD10CM:D47.01	added		
Telangiectasia macularis eruptiva perstans	MONDO:0019576	Orphanet:90389	added		
Telangiectasia macularis eruptiva perstans	MONDO:0019576	icd11.foundation:444226072	added		
Thomas syndrome	MONDO:0002017	icd11.foundation:1467584080	added		
Thomas syndrome	MONDO:0002017	icd11.foundation:1467584080	added		MONDO:0018043
Thomas syndrome	MONDO:0018043	Orphanet:3316	added		
Thrombocytopenia	MONDO:0002049	NCIT:C3408	added		
Thrombocytopenia	MONDO:0002049	icd11.foundation:683583694	added		
Thrombocytopenia	MONDO:0100241	OMIMPS:313900	added		
Thrombophilia	MONDO:0002305	NCIT:C84479	added		
Thrombophilia	MONDO:0002305	icd11.foundation:1733531851	added		
Thrombophilia	MONDO:0100240	OMIMPS:188050	added		
Thygeson superficial punctate keratitis	MONDO:0001466	DOID:12197	confirmed		
Thygeson superficial punctate keratitis	MONDO:0033816	Orphanet:519406	added		
Tibial muscular dystrophy	MONDO:0010870	Orphanet:609	added		
Tibial muscular dystrophy	MONDO:0011721	icd11.foundation:651559966	added		
Toxic epidermal necrolysis	MONDO:0018890	Orphanet:537	added		
Toxic epidermal necrolysis	MONDO:0019810	icd11.foundation:1575072695	added		
Trachoma	MONDO:0001249	ICD10CM:A71	added		
Trachoma	MONDO:0001249	ICD10WHO:A71	added		
Trachoma	MONDO:0001249	icd11.foundation:372424530	added		
Trachoma	MONDO:0005808	NCIT:C116817	confirmed		
Treacher Collins syndrome	MONDO:0002457	DOID:2908	confirmed		
Treacher Collins syndrome	MONDO:0002457	NCIT:C75018	confirmed		
Treacher Collins syndrome	MONDO:0002457	OMIMPS:154500	confirmed		
Treacher Collins syndrome	MONDO:0015483	ICD10CM:Q75.4	added		
Tropical endomyocardial fibrosis	MONDO:0006746	icd11.foundation:365224859	added		
Tropical endomyocardial fibrosis	MONDO:0019158	Orphanet:75565	added		
Tuberculous peripheral lymphadenopathy	MONDO:0005831	ICD10CM:A18.2	added		
Tuberculous peripheral lymphadenopathy	MONDO:0957461	icd11.foundation:870345553	added		
Tyrosinosis	MONDO:0010161	icd11.foundation:2029519782	added		
Tyrosinosis	MONDO:0010161	icd11.foundation:2029519782	added		MONDO:0010163
Tyrosinosis	MONDO:0010163	OMIM:276800	confirmed		
Undetermined colitis	MONDO:0006038	icd11.foundation:553916326	added		
Undetermined colitis	MONDO:0015176	Orphanet:103920	added		
Vesicoureteral reflux	MONDO:0008653		unconfirmed		
Vesicoureteral reflux	MONDO:0017329	OMIMPS:193000	added		
Vibratory urticaria	MONDO:0006618	ICD10CM:L50.4	added		
Vibratory urticaria	MONDO:0007447	Orphanet:493342	added		
Waardenburg syndrome type 4A	MONDO:0010192	DOID:0110953	confirmed		
Waardenburg syndrome type 4A	MONDO:0019518	icd11.foundation:1420151003	added		
Waardenburg syndrome type 4A	MONDO:0019518	icd11.foundation:1420151003	added		MONDO:0010192
Westphal disease	MONDO:0016122	icd11.foundation:577112387	added		
Westphal disease	MONDO:0016122	icd11.foundation:577112387	added		MONDO:0042980
Westphal disease	MONDO:0042980	GTR:AN0099343	unconfirmed		
Westphal disease	MONDO:0042980	MESH:C536694	unconfirmed		
Wieacker-Wolff syndrome	MONDO:0010758	MONDO:Lexical	unconfirmed		
Wieacker-Wolff syndrome	MONDO:0010758	OMIM:314580	confirmed		
Wieacker-Wolff syndrome	MONDO:0010758	Orphanet:3454	confirmed		
Wieacker-Wolff syndrome	MONDO:0025445	OMIMPS:314580	added		
Wieacker-Wolff syndrome	MONDO:0025445	OMIMPS:314580	added		MONDO:0010758
Wilms tumor	MONDO:0003321	OMIMPS:194070	added		
Wilms tumor	MONDO:0003321	OMIMPS:194070	added		MONDO:0006058
Wilms tumor	MONDO:0006058	MONDO:0021044	unconfirmed		
Wilms tumor	MONDO:0006058	NCIT:C3267	confirmed		
Wolffian duct adenoma	MONDO:0004255	NCIT:C40141	added		
Wolffian duct adenoma	MONDO:0024889	DOID:2616	confirmed		
Wolffian duct tumor	MONDO:0004255	NCIT:C40141	added		
Wolffian duct tumor	MONDO:0024888		unconfirmed		
X-linked chondrodysplasia punctata 1	MONDO:0010555		unconfirmed		
X-linked chondrodysplasia punctata 1	MONDO:0010556	DOID:0060292	added		
X-linked chondrodysplasia punctata 1	MONDO:0010556	DOID:0060292	added		MONDO:0010555
X-linked recessive hypophosphatemic rickets	MONDO:0010358	DOID:0080353	added		
X-linked recessive hypophosphatemic rickets	MONDO:0015612	NCIT:C123260	confirmed		
acalculous cholecystitis	MONDO:0006633	DOID:2828	added		
acalculous cholecystitis	MONDO:0043994	icd11.foundation:2071113448	added		
acalculous cholecystitis	MONDO:0043994	icd11.foundation:2071113448	added		MONDO:0006633
acid sphingomyelinase deficiency	MONDO:0001982	ICD10CM:E75.24	added		MONDO:0100464
actinobacillosis	MONDO:0005630	DOID:4974	added		
actinobacillosis	MONDO:0005774	icd11.foundation:1563156715	added		
actinobacillosis	MONDO:0005774	icd11.foundation:1563156715	added		MONDO:0005630
acute cholangitis	MONDO:0001930	DOID:14271	confirmed		
acute cholangitis	MONDO:0001930	NCIT:C35334	confirmed		
acute cholangitis	MONDO:0004789	icd11.foundation:1712178777	added		
acute cholangitis	MONDO:0004789	icd11.foundation:1712178777	added		MONDO:0001930
acute conjunctivitis	MONDO:0001214	DOID:11184	added		
acute conjunctivitis	MONDO:0003799	icd11.foundation:831696556	added		
acute conjunctivitis	MONDO:0003799	icd11.foundation:831696556	added		MONDO:0001214
acute endophthalmitis	MONDO:0004863	icd11.foundation:830703931	added		
acute endophthalmitis	MONDO:0004863	icd11.foundation:830703931	added		MONDO:0017202
acute endophthalmitis	MONDO:0017202	DOID:11752	added		
acute myocarditis	MONDO:0002815	DOID:3951	added		
acute myocarditis	MONDO:0004496	icd11.foundation:1018829714	added		
acute myocarditis	MONDO:0004496	icd11.foundation:1018829714	added		MONDO:0002815
adult-onset type II citrullinemia	MONDO:0011326	DOID:0070342	added		
adult-onset type II citrullinemia	MONDO:0016603		unconfirmed		
algoneurodystrophy	MONDO:0001859	DOID:14022	added		
algoneurodystrophy	MONDO:0019369	icd11.foundation:1834504950	added		
algoneurodystrophy	MONDO:0019369	icd11.foundation:1834504950	added		MONDO:0001859
allergic dermatitis	MONDO:0004980	DOID:3310	confirmed		
allergic dermatitis	MONDO:0006525	icd11.foundation:2020673786	added		
allergic rhinitis	MONDO:0011786	DOID:4481	confirmed		
allergic rhinitis	MONDO:0011786	NCIT:C79532	confirmed		
allergic rhinitis	MONDO:0011786	icd11.foundation:1711769234	confirmed		
allergic rhinitis	MONDO:0100177	OMIM:607154	added		
allergic rhinitis	MONDO:0100177	OMIM:607154	added		MONDO:0011786
ampulla of Vater cancer	MONDO:0000919	DOID:10020	added		
ampulla of Vater cancer	MONDO:0017590	DOID:4932	confirmed		
ampulla of Vater cancer	MONDO:0017590	NCIT:C3908	confirmed		
ampulla of Vater cancer	MONDO:0017590	icd11.foundation:267067189	confirmed		
anaplastic choroid plexus papilloma	MONDO:0016717	icd11.foundation:1959912502	added		
anaplastic choroid plexus papilloma	MONDO:0016718	NCIT:C4715	confirmed		
androgenetic alopecia	MONDO:0005339	DOID:0050801	confirmed		
androgenetic alopecia	MONDO:0007184	OMIM:109200	added		
androgenetic alopecia	MONDO:0007184	OMIM:109200	added		MONDO:0005339
anterior horn cell disease	MONDO:0003182	DOID:4873	added		
anterior horn cell disease	MONDO:0020128	Orphanet:98503	confirmed		
anterior horn cell disease	MONDO:0020128	icd11.foundation:661720689	confirmed		
anus benign neoplasm	MONDO:0003046	DOID:4551	added		
anus benign neoplasm	MONDO:0021469	MONDO:patterns/location	unconfirmed		
aorta atresia	MONDO:0001863	DOID:14037	added		
aorta atresia	MONDO:0009010	icd11.foundation:1769930414	added		
aorta atresia	MONDO:0009010	icd11.foundation:1769930414	added		MONDO:0001863
aortic valve stenosis	MONDO:0032783	OMIM:618496	added		
aortic valve stenosis	MONDO:0032783	OMIM:618496	added		MONDO:0042981
aortic valve stenosis	MONDO:0042981	DOID:1712	added		
aortopulmonary septal defect	MONDO:0016077	icd11.foundation:1988278118	added		
aortopulmonary septal defect	MONDO:0021902	GARD:0000745	unconfirmed		
aortopulmonary septal defect	MONDO:0021902	NCIT:C101050	confirmed		
aortopulmonary window	MONDO:0016077	icd11.foundation:1988278118	added		
aortopulmonary window	MONDO:0016077	icd11.foundation:1988278118	added		MONDO:0021902
aortopulmonary window	MONDO:0021902	NCIT:C101050	confirmed		
arteriolosclerosis	MONDO:0005311	ICD10CM:I70	added		
arteriolosclerosis	MONDO:0005311	ICD10CM:I70	added		MONDO:0006658
arteriolosclerosis	MONDO:0006658	DOID:5162	added		
arteriosclerosis	MONDO:0002277	DOID:2349	confirmed		
arteriosclerosis	MONDO:0002277	MONDO:ambiguous	unconfirmed		
arteriosclerosis	MONDO:0002277	NCIT:C34398	confirmed		
arteriosclerosis	MONDO:0005311	ICD10CM:I70	added		
arteriosclerotic vascular disease	MONDO:0002277	DOID:2349	confirmed		
arteriosclerotic vascular disease	MONDO:0005311	ICD10CM:I70	added		
ascaridiasis	MONDO:0005654	ICD10CM:B77	added		
ascaridiasis	MONDO:0005654	icd11.foundation:17842540	added		
ascaridiasis	MONDO:0005654	ICD10CM:B77	added		MONDO:0005655
ascaridiasis	MONDO:0005654	icd11.foundation:17842540	added		MONDO:0005655
ascaridiasis	MONDO:0005655	DOID:3108	added		
ascending cholangitis	MONDO:0001929	DOID:14270	confirmed		
ascending cholangitis	MONDO:0001929	NCIT:C35372	confirmed		
ascending cholangitis	MONDO:0004789	icd11.foundation:1712178777	added		
ascending cholangitis	MONDO:0004789	icd11.foundation:1712178777	added		MONDO:0001929
astereognosia	MONDO:0000680	DOID:0060150	confirmed		
astereognosia	MONDO:0000680	MONDO:ambiguous	unconfirmed		
astereognosia	MONDO:0000680	icd11.foundation:756147896	confirmed		
astereognosia	MONDO:0005638	ICD10CM:R48.1	added		
astereognosia	MONDO:0005638	ICD10CM:R48.1	added		MONDO:0000680
atrophic rhinitis	MONDO:0004514	ICD10CM:J31.0	added		
atrophic rhinitis	MONDO:0004514	ICD10CM:J31.0	added		MONDO:0005659
atrophic rhinitis	MONDO:0005659	DOID:4731	added		
attention deficit hyperactivity disorder	MONDO:0005302	DOID:1094	added		
attention deficit hyperactivity disorder	MONDO:0007743	NCIT:C97160	confirmed		
attention deficit-hyperactivity disorder	MONDO:0007743	MONDO:Lexical	unconfirmed		
attention deficit-hyperactivity disorder	MONDO:0007743	NCIT:C97160	confirmed		
attention deficit-hyperactivity disorder	MONDO:0100518	OMIM:143465	added		
attention deficit-hyperactivity disorder	MONDO:0100518	OMIM:143465	added		MONDO:0007743
autistic disorder of childhood onset	MONDO:0005258	icd11.foundation:437815624	added		
autistic disorder of childhood onset	MONDO:0005260	DOID:12849	confirmed		
autoimmune haemolytic anaemia	MONDO:0019532	icd11.foundation:880772122	added	http://purl.obolibrary.org/obo/OMO_0003005	
autoimmune haemolytic anaemia	MONDO:0020108	DOID:718	confirmed	http://purl.obolibrary.org/obo/OMO_0003005	
avascular necrosis of bone	MONDO:0005380	ICD10CM:M87	added		
avascular necrosis of bone	MONDO:0005380	icd11.foundation:536467755	added		
avascular necrosis of bone	MONDO:0018373	NCIT:C34841	confirmed		
band-like calcification with simplified gyration and polymicrogyria	MONDO:0009626	DOID:0050656	confirmed		
band-like calcification with simplified gyration and polymicrogyria	MONDO:0009626	MONDO:Lexical	unconfirmed		
band-like calcification with simplified gyration and polymicrogyria	MONDO:0020789	OMIM:251290	added		
basal cell nevus syndrome	MONDO:0007187	DOID:2512	confirmed		
basal cell nevus syndrome	MONDO:0007187	MONDO:Lexical	unconfirmed		
basal cell nevus syndrome	MONDO:0007187	NCIT:C2892	confirmed		
basal cell nevus syndrome	MONDO:0007187	OMIMPS:109400	confirmed		
basal cell nevus syndrome	MONDO:0007187	Orphanet:377	confirmed		
basal cell nevus syndrome	MONDO:0958174	OMIM:109400	added		
benign congenital myopathy	MONDO:0010311	DOID:9883	confirmed		
benign congenital myopathy	MONDO:0019952	icd11.foundation:1185572073	added		
benign neoplasm of epiglottis	MONDO:0002354	ICD10CM:D14.1	added		MONDO:0021446
benign vascular tumor	MONDO:0024286	DOID:60006	added		MONDO:0971115
biliary malformation with renal tubular insufficiency	MONDO:0008822	OMIM:208085	added		
biliary malformation with renal tubular insufficiency	MONDO:0008822	OMIM:208085	added		MONDO:0008868
biliary malformation with renal tubular insufficiency	MONDO:0008868	OMIM:210550	unconfirmed		
bipolar I disorder	MONDO:0001866	DOID:14042	confirmed		
bipolar I disorder	MONDO:0004985	ICD10CM:F31	added		
bipolar I disorder	MONDO:0004985	ICD10CM:F31	added		MONDO:0001866
branched-chain ketoaciduria	MONDO:0009563	Orphanet:511	confirmed		
branched-chain ketoaciduria	MONDO:0023691	OMIM:248600	added		
breast cancer	MONDO:0007254	DOID:1612	confirmed		
breast cancer	MONDO:0007254	MONDO:patterns/location	unconfirmed		
breast cancer	MONDO:0016419	OMIM:114480	added		
breast cancer	MONDO:0016419	OMIM:114480	added		MONDO:0007254
bronchogenic carcinoma	MONDO:0002806	NCIT:C35875	confirmed		
bronchogenic carcinoma	MONDO:0005138	icd11.foundation:947165291	added		
bronchogenic carcinoma	MONDO:0005138	icd11.foundation:947165291	added		MONDO:0002806
bullous congenital ichthyosiform erythroderma	MONDO:0007239		unconfirmed		
bullous congenital ichthyosiform erythroderma	MONDO:0007813	DOID:0060877	added		
bullous congenital ichthyosiform erythroderma	MONDO:0700249	OMIM:113800	added		
carcinoma in situ of epiglottis	MONDO:0004696	ICD10CM:D02.0	added		
carcinoma in situ of epiglottis	MONDO:0004696	ICD10CM:D02.0	added		MONDO:0021287
carcinoma in situ of epiglottis	MONDO:0021287	MONDO:patterns/carcinoma_in_situ	unconfirmed		
carcinoma in situ of epiglottis	MONDO:0021287	NCIT:C4592	confirmed		
carcinoma in situ of epiglottis	MONDO:0021287	icd11.foundation:238950969	confirmed		
carcinoma of fallopian tube	MONDO:0002158	icd11.foundation:459381514	added		
carcinoma of fallopian tube	MONDO:0006206	DOID:1963	confirmed		
carcinoma of fallopian tube	MONDO:0006206	MONDO:patterns/carcinoma	unconfirmed		
carcinoma of fallopian tube	MONDO:0006206	NCIT:C3867	confirmed		
cardiac infarction	MONDO:0004781	icd11.foundation:1334938734	added		
cardiac infarction	MONDO:0005068	ICD10CM:I21	added		
celiac artery compression syndrome	MONDO:0004914	DOID:9892	confirmed		
celiac artery compression syndrome	MONDO:0004914	ICD9CM:447.4	unconfirmed		
celiac artery compression syndrome	MONDO:0017388	icd11.foundation:1666443751	added		
childhood autism	MONDO:0005258	icd11.foundation:437815624	added		
childhood autism	MONDO:0005260	DOID:12849	confirmed		
childhood kidney cancer	MONDO:0002730	DOID:3675	added		
childhood kidney cancer	MONDO:0036511	MONDO:design_pattern	unconfirmed		
chronic pericementitis	MONDO:0005076	DOID:824	confirmed		
chronic pericementitis	MONDO:0005593	icd11.foundation:1242548497	added		
chronic renal failure	MONDO:0005300	icd11.foundation:412389819	added		
chronic renal failure	MONDO:0024327	NCIT:C9438	confirmed		
cleft nose	MONDO:0000110	icd11.foundation:1824850646	added		
cleft nose	MONDO:0015414	Orphanet:141242	confirmed		
coccidiosis	MONDO:0005707	DOID:2113	added		
coccidiosis	MONDO:0018769	icd11.foundation:137713224	added		
coccidiosis	MONDO:0018769	icd11.foundation:137713224	added		MONDO:0005707
coloboma of eye	MONDO:0001476	DOID:12270	confirmed		
coloboma of eye	MONDO:0020356	icd11.foundation:1552972259	added		
combined immunodeficiency syndrome	MONDO:0015131	icd11.foundation:1616506198	added		
combined immunodeficiency syndrome	MONDO:0015131	icd11.foundation:1616506198	added		MONDO:0700289
combined immunodeficiency syndrome	MONDO:0700289		unconfirmed		
congenital amegakaryocytic thrombocytopenia	MONDO:0800451	icd11.foundation:801723173	confirmed		
congenital amegakaryocytic thrombocytopenia	MONDO:0800452	DOID:0090118	added		
congenital amegakaryocytic thrombocytopenia	MONDO:0800452	DOID:0090118	added		MONDO:0800451
congenital multiple arthrogryposis	MONDO:0008779	MESH:D001176	unconfirmed		
congenital multiple arthrogryposis	MONDO:0015168	icd11.foundation:1930990330	added		
congenital nephrotic syndrome	MONDO:0002350	DOID:2590	confirmed		
congenital nephrotic syndrome	MONDO:0002350	NCIT:C35337	confirmed		
congenital nephrotic syndrome	MONDO:0005377	ICD10CM:N04	added		
constitutional mismatch repair deficiency syndrome	MONDO:0010159	OMIM:276300	added		
constitutional mismatch repair deficiency syndrome	MONDO:0031219	https://www.clinicalgenome.org/working-groups/clinical-domain/hereditary-cancer/	unconfirmed		
cortical hyperostosis with hyperphosphatemia	MONDO:0100251	DOID:0111063	confirmed		
cortical hyperostosis with hyperphosphatemia	MONDO:0100252	OMIM:211900	added		
costovertebral dysplasia	MONDO:0000359	DOID:0050568	confirmed		
costovertebral dysplasia	MONDO:0000359	https://rarediseases.org/rare-diseases/jarcho-levin-syndrome/	unconfirmed		
costovertebral dysplasia	MONDO:0020692	OMIM:277300	added		
craniofacial dysmorphism, skeletal anomalies, and mental retardation syndrome	MONDO:0031329	DOID:0081072	added		
craniofacial dysmorphism, skeletal anomalies, and mental retardation syndrome	MONDO:0800436	OMIM:213980	added		
cutaneous mycosis	MONDO:0000254	DOID:0050134	added		
cutaneous mycosis	MONDO:0004678	icd11.foundation:1802307036	added		
cutaneous mycosis	MONDO:0004678	icd11.foundation:1802307036	added		MONDO:0000254
dermatosis of eyelid	MONDO:0002137	icd11.foundation:849793428	added		
dermatosis of eyelid	MONDO:0002137	icd11.foundation:849793428	added		MONDO:0024480
dermatosis of eyelid	MONDO:0024480		unconfirmed		
dermatosis papulosa nigra	MONDO:0007446	DOID:4400	confirmed		
dermatosis papulosa nigra	MONDO:0007446	NCIT:C2984	confirmed		
dermatosis papulosa nigra	MONDO:0007446	OMIM:125600	confirmed		
dermatosis papulosa nigra	MONDO:0007446	icd11.foundation:168986957	confirmed		
dermatosis papulosa nigra	MONDO:0008420	ICD10CM:L82	added		
dermatosis papulosa nigra	MONDO:0008420	ICD10CM:L82	added		MONDO:0007446
desmoplastic/nodular medulloblastoma	MONDO:0016710	DOID:3873	added		
desmoplastic/nodular medulloblastoma	MONDO:0016710	DOID:3873	added		MONDO:0016711
desmoplastic/nodular medulloblastoma	MONDO:0016711	NCIT:C4956	confirmed		
desmoplastic/nodular medulloblastoma	MONDO:0016711	Orphanet:251863	confirmed		
diabetes insipidus	MONDO:0004782	DOID:9409	added		
diabetes insipidus	MONDO:0015790	icd11.foundation:1009553897	added		
diabetes insipidus	MONDO:0015790	icd11.foundation:1009553897	added		MONDO:0004782
dialysis-related amyloidosis	MONDO:0018590	DOID:0080928	added		
dialysis-related amyloidosis	MONDO:0019440	GARD:0010563	unconfirmed		
dialysis-related amyloidosis	MONDO:0019440	Orphanet:85446	confirmed		
disorder of pituitary gland	MONDO:0003381	MONDO:patterns/location_top	unconfirmed		
disorder of pituitary gland	MONDO:0015127	icd11.foundation:292840069	added		
disorders of initiating and maintaining sleep	MONDO:0013600	ICD10WHO:G47.0	added		
disorders of initiating and maintaining sleep	MONDO:0024376		unconfirmed		
distal myopathy with rimmed vacuoles	MONDO:0011603	Orphanet:602	confirmed		
distal myopathy with rimmed vacuoles	MONDO:0014945	DOID:0081363	added		
dopa-responsive dystonia	MONDO:0007495	DOID:0090043	added		
dopa-responsive dystonia	MONDO:0007495	DOID:0090043	added		MONDO:0016812
dopa-responsive dystonia	MONDO:0016812	NCIT:C116719	confirmed		
dopa-responsive dystonia	MONDO:0016812	Orphanet:255	confirmed		
dopa-responsive dystonia	MONDO:0016812	icd11.foundation:1534901505	confirmed		
dysostosis multiplex	MONDO:0001586	icd11.foundation:1539226250	added		
dysostosis multiplex	MONDO:0800088	Orphanet:93448	confirmed		
dystrophia myotonica	MONDO:0008056	DOID:11722	confirmed		
dystrophia myotonica	MONDO:0008056	OMIM:160900	confirmed		
dystrophia myotonica	MONDO:0016107	ICD10CM:G71.11	added		
dystrophia myotonica	MONDO:0016107	icd11.foundation:192087511	added		
ear infection	MONDO:0005441	icd11.foundation:1079654421	added		MONDO:0021666
echinococcus granulosus infection	MONDO:0005738	icd11.foundation:1456802165	added		
echinococcus granulosus infection	MONDO:0044346		unconfirmed		
ectrodactyly	MONDO:0016576	NCIT:C75000	confirmed		
ectrodactyly	MONDO:0016576	Orphanet:2440	confirmed		
ectrodactyly	MONDO:0017449	icd11.foundation:924222970	added		
endocervicitis	MONDO:0002345	ICD10CM:N72	added		
endocervicitis	MONDO:0002345	ICD10CM:N72	added		MONDO:0003632
endocervicitis	MONDO:0003632	DOID:5757	added		
epidermodysplasia verruciformis	MONDO:0009176	DOID:13777	confirmed		
epidermodysplasia verruciformis	MONDO:0009176	MONDO:Lexical	unconfirmed		
epidermodysplasia verruciformis	MONDO:0009176	NCIT:C126877	confirmed		
epidermodysplasia verruciformis	MONDO:0009176	icd11.foundation:1191479808	confirmed		
epidermodysplasia verruciformis	MONDO:0100045	OMIM:226400	added		
epidermodysplasia verruciformis	MONDO:0100045	OMIM:226400	added		MONDO:0009176
epidermolytic ichthyosis	MONDO:0007239	DOID:4603	confirmed		
epidermolytic ichthyosis	MONDO:0007239	PMID:20643494	unconfirmed		
epidermolytic ichthyosis	MONDO:0007239	icd11.foundation:1183730789	confirmed		
epidermolytic ichthyosis	MONDO:0700249	OMIM:113800	added		
epidermolytic ichthyosis	MONDO:0700249	OMIM:113800	added		MONDO:0007239
epiglottitis	MONDO:0005753	DOID:9398	added		
epiglottitis	MONDO:0041366	icd11.foundation:1070805666	added		
epiglottitis	MONDO:0041366	icd11.foundation:1070805666	added		MONDO:0005753
erythrokeratoderma en cocardes	MONDO:0011208	icd11.foundation:792094526	added		MONDO:0017836
ethmoid sinusitis	MONDO:0004757	icd11.foundation:1076459084	added		
ethmoid sinusitis	MONDO:0004757	icd11.foundation:1076459084	added		MONDO:0005756
ethmoid sinusitis	MONDO:0005756	DOID:9507	added		
ethmoiditis	MONDO:0004757	icd11.foundation:1076459084	added		
ethmoiditis	MONDO:0005756	DOID:9507	confirmed		
excessive tear production	MONDO:0001793	DOID:13757	confirmed		
excessive tear production	MONDO:0001918	icd11.foundation:255772124	added		
exfoliation syndrome	MONDO:0008327	DOID:13641	added		
exfoliation syndrome	MONDO:0100046	OMIM:177650	added		
exfoliation syndrome	MONDO:0100046	OMIM:177650	added		MONDO:0008327
extrinsic asthma	MONDO:0004784	icd11.foundation:1870104478	added		
extrinsic asthma	MONDO:0004784	icd11.foundation:1870104478	added		MONDO:0850284
extrinsic asthma	MONDO:0850284	DOID:0080811	added		
eyelid benign neoplasm	MONDO:0002235	DOID:2173	added		
eyelid benign neoplasm	MONDO:0021605	MONDO:patterns/location	unconfirmed		
facioscapulohumeral muscular dystrophy	MONDO:0001347	DOID:11727	confirmed		
facioscapulohumeral muscular dystrophy	MONDO:0001347	NCIT:C84704	confirmed		
facioscapulohumeral muscular dystrophy	MONDO:0001347	OMIMPS:158900	confirmed		
facioscapulohumeral muscular dystrophy	MONDO:0001347	Orphanet:269	confirmed		
facioscapulohumeral muscular dystrophy	MONDO:0001347	icd11.foundation:621965073	confirmed		
facioscapulohumeral muscular dystrophy	MONDO:0008030	OMIM:158900	added		
facioscapulohumeral muscular dystrophy	MONDO:0008030	OMIM:158900	added		MONDO:0001347
familial adult myoclonic epilepsy	MONDO:0000160	DOID:0111689	added		
familial adult myoclonic epilepsy	MONDO:0019448	Orphanet:86814	confirmed		
familial juvenile hyperuricemic nephropathy	MONDO:0000608	DOID:0060062	confirmed		
familial juvenile hyperuricemic nephropathy	MONDO:0000608	GARD:0000067	unconfirmed		
familial juvenile hyperuricemic nephropathy	MONDO:0008073	OMIM:162000	added		
familial juvenile hyperuricemic nephropathy	MONDO:0008073	OMIM:162000	added		MONDO:0000608
familial periodic paralysis	MONDO:0000995	DOID:1029	confirmed		
familial periodic paralysis	MONDO:0000995	MESH:D010245	unconfirmed		
familial periodic paralysis	MONDO:0000995	NCIT:C84709	confirmed		
familial periodic paralysis	MONDO:0016122	icd11.foundation:577112387	added		
familial periodic paralysis	MONDO:0016122	icd11.foundation:577112387	added		MONDO:0000995
favus	MONDO:0004678	ICD10CM:B35	added		
favus	MONDO:0005983	DOID:4336	confirmed		
favus	MONDO:0005983	NCIT:C35072	confirmed		
fetal akinesia deformation sequence	MONDO:0008824	MONDO:Lexical	unconfirmed		
fetal akinesia deformation sequence	MONDO:0008824	NCIT:C129071	confirmed		
fetal akinesia deformation sequence	MONDO:0008824	OMIMPS:208150	confirmed		
fetal akinesia deformation sequence	MONDO:0100101	OMIM:208150	added		
fetal akinesia deformation sequence	MONDO:0100101	OMIM:208150	added		MONDO:0008824
fibroadenoma of breast	MONDO:0000620	ICD10CM:D24	added		
fibroadenoma of breast	MONDO:0002056	DOID:1618	confirmed		
fibroadenoma of breast	MONDO:0002056	NCIT:C3744	confirmed		
fibrocystic disease	MONDO:0005219	NCIT:C3039	confirmed		
fibrocystic disease	MONDO:0009061	icd11.foundation:514403112	added		
fibrocystic mastopathy	MONDO:0004808	ICD10CM:N60	added		
fibrocystic mastopathy	MONDO:0005219	NCIT:C3039	confirmed		
frontal sinus benign neoplasm	MONDO:0001757	DOID:1361	added		
frontal sinus benign neoplasm	MONDO:0021483	MONDO:patterns/location	unconfirmed		
frontal sinusitis	MONDO:0001120	icd11.foundation:881075891	added		
frontal sinusitis	MONDO:0001120	icd11.foundation:881075891	added		MONDO:0001121
frontal sinusitis	MONDO:0001121	DOID:10791	added		
galactose intolerance	MONDO:0017690	icd11.foundation:1462194012	added		
galactose intolerance	MONDO:0018116	DOID:9870	confirmed		
generalised glycogenosis	MONDO:0002412	icd11.foundation:1187107383	added	http://purl.obolibrary.org/obo/OMO_0003005	
generalised glycogenosis	MONDO:0009290		unconfirmed	http://purl.obolibrary.org/obo/OMO_0003005	
glaucoma, primary open angle	MONDO:0005338	MONDO:Lexical	unconfirmed		
glaucoma, primary open angle	MONDO:0100553	OMIM:137760	added		
glutaric aciduria	MONDO:0000129	MONDO:ambiguous	unconfirmed		
glutaric aciduria	MONDO:0017351	ICD10CM:E72.3	added		
glutaric aciduria	MONDO:0017351	ICD10CM:E72.3	added		MONDO:0000129
glycogen synthase deficiency	MONDO:0002412	icd11.foundation:1187107383	added		
glycogen synthase deficiency	MONDO:0009414		unconfirmed		
heart attack	MONDO:0004781	icd11.foundation:1334938734	added		
heart attack	MONDO:0005068	DOID:5844	confirmed		
heart attack	MONDO:0005068	NCIT:C27996	confirmed		
hemifacial microsomia	MONDO:0015397	DOID:2907	confirmed		
hemifacial microsomia	MONDO:0015397	MONDO:Lexical	unconfirmed		
hemifacial microsomia	MONDO:0958175	OMIM:164210	added		
hemochromatosis, hereditary	MONDO:0006507		unconfirmed		
hemochromatosis, hereditary	MONDO:0021001	OMIM:235200	added		
hepatocerebral intoxication	MONDO:0001548	DOID:12550	confirmed		
hepatocerebral intoxication	MONDO:0001711	icd11.foundation:1769383160	added		
hereditary motor neuron disease	MONDO:0020128	icd11.foundation:661720689	added		
hereditary motor neuron disease	MONDO:0020128	icd11.foundation:661720689	added		MONDO:0024257
hereditary motor neuron disease	MONDO:0024257	MONDO:patterns/hereditary	unconfirmed		
high blood pressure	MONDO:0001134	icd11.foundation:761947693	added		
high blood pressure	MONDO:0005044	NCIT:C3117	confirmed		
hypercalcemia, idiopathic, of infancy	MONDO:0000212		unconfirmed	http://purl.obolibrary.org/obo/mondo#DEPRECATED	
hypercalcemia, idiopathic, of infancy	MONDO:0020739	OMIM:143880	added	http://purl.obolibrary.org/obo/mondo#DEPRECATED	
hypercortisolism due to nonpituitary tumour	MONDO:0020527	icd11.foundation:1646144829	added	http://purl.obolibrary.org/obo/OMO_0003005	
hypercortisolism due to nonpituitary tumour	MONDO:0043472		unconfirmed	http://purl.obolibrary.org/obo/OMO_0003005	
hyperkalemic periodic paralysis	MONDO:0008224	DOID:14451	confirmed		
hyperkalemic periodic paralysis	MONDO:0008224	MONDO:Lexical	unconfirmed		
hyperkalemic periodic paralysis	MONDO:0008224	NCIT:C123429	confirmed		
hyperkalemic periodic paralysis	MONDO:0008224	OMIM:170500	confirmed		
hyperkalemic periodic paralysis	MONDO:0008224	Orphanet:682	confirmed		
hyperkalemic periodic paralysis	MONDO:0016122	ICD10CM:G72.3	added		
hyperkalemic periodic paralysis	MONDO:0016122	ICD10CM:G72.3	added		MONDO:0008224
hyperostosis with hyperphosphatemia	MONDO:0100251	DOID:0111063	confirmed		
hyperostosis with hyperphosphatemia	MONDO:0100252	OMIM:211900	added		
hyperpiesia	MONDO:0001134	icd11.foundation:761947693	added		
hyperpiesia	MONDO:0005044	DOID:10763	confirmed		
hypersomnia	MONDO:0005466	MONDO:ambiguous	unconfirmed		
hypersomnia	MONDO:0005466	NCIT:C78346	confirmed		
hypersomnia	MONDO:0018044	icd11.foundation:631826564	added		
hypersomnia	MONDO:0018044	icd11.foundation:631826564	added		MONDO:0005466
hyperthyroidism	MONDO:0004425	DOID:7998	added		
hyperthyroidism	MONDO:0010138	icd11.foundation:1470387017	added		
hyperthyroidism	MONDO:0010138	icd11.foundation:1470387017	added		MONDO:0004425
hypochromic anemia	MONDO:0001356	ICD10CM:D50	added		
hypochromic anemia	MONDO:0001356	ICD10CM:D50	added		MONDO:0001357
hypochromic anemia	MONDO:0001357	DOID:11759	confirmed		
hypochromic anemia	MONDO:0001357	MONDO:ambiguous	unconfirmed		
hypochromic anemia	MONDO:0001357	NCIT:C34380	confirmed		
hypokalemic periodic paralysis	MONDO:0008223	DOID:14452	confirmed		
hypokalemic periodic paralysis	MONDO:0008223	NCIT:C84775	confirmed		
hypokalemic periodic paralysis	MONDO:0008223	Orphanet:681	confirmed		
hypokalemic periodic paralysis	MONDO:0016122	ICD10CM:G72.3	added		
hypokalemic periodic paralysis	MONDO:0016122	ICD10CM:G72.3	added		MONDO:0008223
hypokalemic periodic paralysis	MONDO:0042979	OMIM:170400	added		
hypokalemic periodic paralysis	MONDO:0042979	OMIM:170400	added		MONDO:0008223
ideomotor apraxia	MONDO:0000665	icd11.foundation:986651951	added		
ideomotor apraxia	MONDO:0000665	icd11.foundation:986651951	added		MONDO:0006800
ideomotor apraxia	MONDO:0006800	DOID:4627	added		
ideomotor dyspraxia	MONDO:0000665	icd11.foundation:986651951	added		
ideomotor dyspraxia	MONDO:0006800	DOID:4627	confirmed		
idiopathic avascular necrosis	MONDO:0017178	icd11.foundation:467851106	added		MONDO:0018380
idiopathic cardiomyopathy	MONDO:0004994	icd11.foundation:282225286	added		MONDO:0005110
idiopathic osteoporosis	MONDO:0005298	icd11.foundation:2113001430	added		
idiopathic osteoporosis	MONDO:0019409	DOID:12559	confirmed		
infantile autism	MONDO:0005258	icd11.foundation:437815624	added		
infantile autism	MONDO:0005260	DOID:12849	confirmed		
infectious thyroiditis	MONDO:0001947	DOID:14350	confirmed		
infectious thyroiditis	MONDO:0001949	icd11.foundation:737694495	added		
inflammation of tonsil	MONDO:0001039		unconfirmed		
inflammation of tonsil	MONDO:0020686	icd11.foundation:260431605	added		
interstitial keratitis	MONDO:0001694	icd11.foundation:1750662534	added		
interstitial keratitis	MONDO:0001694	icd11.foundation:1750662534	added		MONDO:0004902
interstitial keratitis	MONDO:0004902	DOID:9857	added		
intestinal disaccharidase deficiency	MONDO:0004905	DOID:9868	added		
intestinal disaccharidase deficiency	MONDO:0009114	icd11.foundation:1817406536	added		
intestinal disaccharidase deficiency	MONDO:0009114	icd11.foundation:1817406536	added		MONDO:0004905
intestinal pseudo-obstruction	MONDO:0000858	DOID:0080072	added		
intestinal pseudo-obstruction	MONDO:0000858	DOID:0080072	added		MONDO:0002803
intestinal pseudo-obstruction	MONDO:0002803	NCIT:C34733	confirmed		
iritis	MONDO:0006651	icd11.foundation:908233081	added		
iritis	MONDO:0006651	icd11.foundation:908233081	added		MONDO:0006814
iritis	MONDO:0006814	DOID:1406	confirmed		
iritis	MONDO:0006814	MONDO:ambiguous	unconfirmed		
iritis	MONDO:0006814	NCIT:C50621	confirmed		
kidney stones	MONDO:0008171	DOID:585	confirmed		
kidney stones	MONDO:0020722	OMIM:167030	added		
lacrimoauriculodentodigital syndrome	MONDO:0007872	DOID:0081370	confirmed		
lacrimoauriculodentodigital syndrome	MONDO:0007872	MONDO:Lexical	unconfirmed		
lacrimoauriculodentodigital syndrome	MONDO:0007872	OMIMPS:149730	confirmed		
lacrimoauriculodentodigital syndrome	MONDO:0007872	Orphanet:2363	confirmed		
lacrimoauriculodentodigital syndrome	MONDO:0100302	OMIM:149730	added		
lacrimoauriculodentodigital syndrome 1	MONDO:0007872	DOID:0050331	added		
lacrimoauriculodentodigital syndrome 1	MONDO:0100302	OMIM:149730	confirmed		
laryngeal inflammation	MONDO:0002647	NCIT:C26811	confirmed		
laryngeal inflammation	MONDO:0004777	icd11.foundation:1180710837	added		
larynx inflammation	MONDO:0002647	MONDO:patterns/inflammatory_disease_by_site	unconfirmed		
larynx inflammation	MONDO:0004777	icd11.foundation:1180710837	added		
lipocalcinogranulomatosis	MONDO:0100251	DOID:0111063	confirmed		
lipocalcinogranulomatosis	MONDO:0100252	OMIM:211900	added		
lipoid nephrosis	MONDO:0005377	ICD10CM:N04	added		
lipoid nephrosis	MONDO:0005377	ICD10CM:N04	added		MONDO:0006835
lipoid nephrosis	MONDO:0006835	DOID:10966	confirmed		
lipoid nephrosis	MONDO:0006835	NCIT:C34844	confirmed		
lissencephaly 3	MONDO:0012703	MONDO:Lexical	unconfirmed		
lissencephaly 3	MONDO:0012703	NCIT:C148461	confirmed		
lissencephaly 3	MONDO:0012703	OMIM:611603	confirmed		
lissencephaly 3	MONDO:0015148	DOID:0112232	added		
long QT syndrome 4	MONDO:0010958	DOID:0111701	added		MONDO:0800323
lymphoplasmacytic lymphoma	MONDO:0000432	NCIT:C3212	confirmed		
lymphoplasmacytic lymphoma	MONDO:0000432	icd11.foundation:2058944823	confirmed		
lymphoplasmacytic lymphoma	MONDO:0100280	DOID:0060901	added		
lymphoplasmacytic lymphoma	MONDO:0100280	DOID:0060901	added		MONDO:0000432
malignant astrocytoma	MONDO:0016684	NCIT:C9477	confirmed		
malignant astrocytoma	MONDO:0021636	DOID:3069	added		
malignant neoplasm of hepatopancreatic ampulla	MONDO:0000919	MONDO:patterns/cancer	unconfirmed		
malignant neoplasm of hepatopancreatic ampulla	MONDO:0017590	icd11.foundation:267067189	added		
malignant struma ovarii	MONDO:0003332	DOID:5208	added		
malignant struma ovarii	MONDO:0006980	icd11.foundation:185581438	added		
malignant struma ovarii	MONDO:0006980	icd11.foundation:185581438	added		MONDO:0003332
malignant thymoma	MONDO:0006451	DOID:3284	confirmed		
malignant thymoma	MONDO:0006451	Orphanet:99868	unconfirmed		
malignant thymoma	MONDO:0006456	icd11.foundation:33869057	added		
maple syrup urine disease	MONDO:0009563	DOID:9269	confirmed		
maple syrup urine disease	MONDO:0009563	MONDO:Lexical	unconfirmed		
maple syrup urine disease	MONDO:0009563	NCIT:C34806	confirmed		
maple syrup urine disease	MONDO:0009563	OMIMPS:248600	confirmed		
maple syrup urine disease	MONDO:0009563	Orphanet:511	confirmed		
maple syrup urine disease	MONDO:0023691	OMIM:248600	added		
maple syrup urine disease	MONDO:0023691	OMIM:248600	added		MONDO:0009563
maxillary sinus benign neoplasm	MONDO:0006850	DOID:1358	added		
maxillary sinus benign neoplasm	MONDO:0021484	MONDO:patterns/location	unconfirmed		
maxillary sinusitis	MONDO:0001122	icd11.foundation:1372580647	added		
maxillary sinusitis	MONDO:0001122	icd11.foundation:1372580647	added		MONDO:0005842
maxillary sinusitis	MONDO:0005842	DOID:2051	added		
medullary cystic kidney	MONDO:0008264	icd11.foundation:216863438	added		
medullary cystic kidney	MONDO:0019005	DOID:12712	confirmed		
medullary cystic kidney	MONDO:0019005	ICD9CM:753.16	unconfirmed		
melancholic depression	MONDO:0002444	NCIT:C34812	confirmed		
melancholic depression	MONDO:0012048	DOID:1595	added		
meningocele	MONDO:0001147	DOID:1088	confirmed		
meningocele	MONDO:0001147	MONDO:ambiguous	unconfirmed		
meningocele	MONDO:0001147	NCIT:C101209	confirmed		
meningocele	MONDO:0001147	NCIT:C105595	confirmed		
meningocele	MONDO:0008449	ICD10CM:Q05	added		
meningocele	MONDO:0008449	ICD10CM:Q05	added		MONDO:0001147
meningoencephalocele	MONDO:0017078	ICD10CM:Q01	added		
meningoencephalocele	MONDO:0017078	ICD10CM:Q01	added		MONDO:0017079
meningoencephalocele	MONDO:0017079		unconfirmed		
meningomyelocele	MONDO:0008449	ICD10CM:Q05	added		
meningomyelocele	MONDO:0017069	NCIT:C101201	confirmed		
microcephalic osteodysplastic primordial dwarfism, type 3	MONDO:0008871	OMIM:210710	added		MONDO:0008873
monoclonal gammopathy of undetermined significance	MONDO:0004225	DOID:7442	confirmed		
monoclonal gammopathy of undetermined significance	MONDO:0004225	NCIT:C3996	confirmed		
monoclonal gammopathy of undetermined significance	MONDO:0004960	ICD10CM:D47.2	added		
multi-infarct dementia	MONDO:0004648	ICD10CM:F01	added		
multi-infarct dementia	MONDO:0004648	ICD10CM:F01	added		MONDO:0043224
multi-infarct dementia	MONDO:0043224	GARD:0005925	unconfirmed		
multi-infarct dementia	MONDO:0043224	MESH:D015161	unconfirmed		
multi-infarct dementia	MONDO:0043224	NCIT:C34522	confirmed		
multi-infarct dementia	MONDO:0043224	icd11.foundation:645643099	confirmed		
multiminicore myopathy	MONDO:0009712	OMIM:255320	added		MONDO:0018948
multiple intestinal atresia	MONDO:0009465	Orphanet:2300	unconfirmed		
multiple intestinal atresia	MONDO:0800030	DOID:14671	added		
multiple intestinal atresia	MONDO:0800030	DOID:14671	added		MONDO:0009465
muscular dystrophy, oculopharyngeal	MONDO:0008116	DOID:11719	confirmed		
muscular dystrophy, oculopharyngeal	MONDO:0958176	OMIM:164300	added		
myelomeningocele	MONDO:0008449	ICD10CM:Q05	added		
myelomeningocele	MONDO:0008449	ICD10CM:Q05	added		MONDO:0019773
myelomeningocele	MONDO:0019773	DOID:0060326	added		
myositis	MONDO:0021167	DOID:633	added		
myositis	MONDO:0600024	OMIM:160750	added		
nasal cavity benign neoplasm	MONDO:0004756	DOID:9310	added		
nasal cavity benign neoplasm	MONDO:0021475	MONDO:patterns/location	unconfirmed		
nephrotic syndrome type 4	MONDO:0008682	NCIT:C84668	confirmed		
nephrotic syndrome type 4	MONDO:0009733	DOID:0080383	added		
neurosarcoidosis	MONDO:0001706	DOID:13403	added		
neurosarcoidosis	MONDO:0001706	DOID:13403	added		MONDO:0045047
neurosarcoidosis	MONDO:0045047	icd11.foundation:1479285656	confirmed		
nevoid basal cell carcinoma syndrome	MONDO:0007187	DOID:2512	confirmed		
nevoid basal cell carcinoma syndrome	MONDO:0007187	NCIT:C2892	confirmed		
nevoid basal cell carcinoma syndrome	MONDO:0007187	Orphanet:377	confirmed		
nevoid basal cell carcinoma syndrome	MONDO:0958174	OMIM:109400	added		
nevoid basal cell carcinoma syndrome	MONDO:0958174	OMIM:109400	added		MONDO:0007187
noninfectious pneumonia	MONDO:0002429	Wikipedia:Idiopathic_interstitial_pneumonia	unconfirmed		
noninfectious pneumonia	MONDO:0043905	icd11.foundation:1324545867	added		
obesity	MONDO:0011122	DOID:9970	confirmed		
obesity	MONDO:0011122	MONDO:ambiguous	unconfirmed		
obesity	MONDO:0011122	NCIT:C3283	confirmed		
obesity	MONDO:0019182	OMIM:601665	added		
obesity, morbid	MONDO:0013991	OMIM:614962	added		
obesity, morbid	MONDO:0013992	OMIM:614963	added		
ocular coloboma	MONDO:0001476		unconfirmed		
ocular coloboma	MONDO:0020356	icd11.foundation:1552972259	added		
oculoauriculovertebral dysplasia	MONDO:0015397		unconfirmed		
oculoauriculovertebral dysplasia	MONDO:0958175	OMIM:164210	added		
oculoauriculovertebral spectrum	MONDO:0015397	Orphanet:141132	confirmed		
oculoauriculovertebral spectrum	MONDO:0958175	OMIM:164210	added		
osteitis fibrosa cystica generalisata	MONDO:0005890	DOID:3341	confirmed		
osteitis fibrosa cystica generalisata	MONDO:0010837	ICD10CM:E21.0	added		
osteogenic sarcoma	MONDO:0002629	OMIM:259500	added		
osteogenic sarcoma	MONDO:0009807	DOID:3347	confirmed		
osteogenic sarcoma	MONDO:0009807	NCIT:C9145	confirmed		
osteosarcoma	MONDO:0002629	OMIM:259500	added		
osteosarcoma	MONDO:0002629	OMIM:259500	added		MONDO:0009807
osteosarcoma	MONDO:0009807	DOID:3347	confirmed		
osteosarcoma	MONDO:0009807	MONDO:ambiguous	unconfirmed		
osteosarcoma	MONDO:0009807	NCIT:C9145	confirmed		
ostium primum atrial septal defect	MONDO:0020290	ICD10CM:Q21.2	added		
ostium primum atrial septal defect	MONDO:0020437	icd11.foundation:1159570489	added		
otospondylomegaepiphyseal dysplasia, autosomal recessive	MONDO:0008975	DOID:0080026	added		
otospondylomegaepiphyseal dysplasia, autosomal recessive	MONDO:0008975	DOID:0080026	added		MONDO:0044206
otospondylomegaepiphyseal dysplasia, autosomal recessive	MONDO:0044206	OMIM:215150	confirmed		
ovarian solid teratoma	MONDO:0003852	DOID:6315	added		
ovarian solid teratoma	MONDO:0005602	icd11.foundation:1752240825	added		
ovarian solid teratoma	MONDO:0005602	icd11.foundation:1752240825	added		MONDO:0003852
overactive thyroid	MONDO:0004425	DOID:7998	confirmed		
overactive thyroid	MONDO:0004425	NCIT:C3123	confirmed		
overactive thyroid	MONDO:0010138	icd11.foundation:1470387017	added		
pagetoid neuroskeletal syndrome	MONDO:0000507	Orphanet:52430	confirmed		
pagetoid neuroskeletal syndrome	MONDO:0008178	OMIM:167320	added		
pancreatic cancer	MONDO:0009831	DOID:1793	confirmed		
pancreatic cancer	MONDO:0009831	https://orcid.org/0000-0002-6601-2165	unconfirmed		
pancreatic cancer	MONDO:0015278	OMIM:260350	added		
pancreatic carcinoma	MONDO:0005192	DOID:4905	confirmed		
pancreatic carcinoma	MONDO:0005192	NCIT:C3850	unconfirmed		
pancreatic carcinoma	MONDO:0015278	OMIM:260350	added		
partial atrioventricular canal defect	MONDO:0015275	Orphanet:1330	confirmed		
partial atrioventricular canal defect	MONDO:0020437	icd11.foundation:1159570489	added		
patellofemoral pain syndrome	MONDO:0006894	DOID:14284	added		
patellofemoral pain syndrome	MONDO:0008207	icd11.foundation:1589625540	added		
patellofemoral pain syndrome	MONDO:0008207	icd11.foundation:1589625540	added		MONDO:0006894
perinatal necrotising enterocolitis	MONDO:0004639	DOID:8677	confirmed		
perinatal necrotising enterocolitis	MONDO:0005313	icd11.foundation:141267925	added		
peripheral neuritis	MONDO:0001824	icd11.foundation:58868923	added		
peripheral neuritis	MONDO:0002122	DOID:1803	confirmed		
peritonitis	MONDO:0004522	DOID:8283	added		MONDO:1010128
peroneal muscular atrophy	MONDO:0015358	ICD10CM:G60.0	added		
peroneal muscular atrophy	MONDO:0015626	ICD9CM:356.1	unconfirmed		
peroxisome biogenesis disorder	MONDO:0011101	OMIM:601539	added		
peroxisome biogenesis disorder	MONDO:0011101	OMIM:601539	added		MONDO:0019234
peroxisome biogenesis disorder	MONDO:0019234	NCIT:C155747	confirmed		
peroxisome biogenesis disorder	MONDO:0019234	OMIMPS:214100	confirmed		
peroxisome biogenesis disorder	MONDO:0019234	Orphanet:79189	confirmed		
peroxisome biogenesis disorder	MONDO:0019234	https://www.clinicalgenome.org/affiliation/40049/	unconfirmed		
phosphoethanolaminuria	MONDO:0018570	Orphanet:436	confirmed		
phosphoethanolaminuria	MONDO:1010169	OMIM:241500	added		
phytosterolemia	MONDO:0008863	DOID:0090019	confirmed		
phytosterolemia	MONDO:0008863	Orphanet:2882	confirmed		
phytosterolemia	MONDO:0020747	OMIM:210250	added		
pituitary basophilism	MONDO:0009050	icd11.foundation:380861892	added		
pituitary basophilism	MONDO:0018912		unconfirmed		
pituitary deficiency	MONDO:0005152	icd11.foundation:768216194	added		MONDO:0015127
pituitary disease	MONDO:0003381	DOID:53	confirmed		
pituitary disease	MONDO:0015127	icd11.foundation:292840069	added		
pituitary dwarfism	MONDO:0005152	icd11.foundation:768216194	added		MONDO:0006909
pituitary gland disease	MONDO:0003381	DOID:53	confirmed		
pituitary gland disease	MONDO:0003381	MONDO:patterns/location	unconfirmed		
pituitary gland disease	MONDO:0003381	NCIT:C26854	confirmed		
pituitary gland disease	MONDO:0015127	icd11.foundation:292840069	added		
pleural malignant mesothelioma	MONDO:0005112	NCIT:C7376	confirmed		
pleural malignant mesothelioma	MONDO:0006292	icd11.foundation:369414280	added		
postgastrectomy syndrome	MONDO:0001979	icd11.foundation:237191235	added		
postgastrectomy syndrome	MONDO:0001979	icd11.foundation:237191235	added		MONDO:0004566
postgastrectomy syndrome	MONDO:0004566	DOID:8439	added		
postgastric surgery syndrome	MONDO:0001979	icd11.foundation:237191235	added		
postgastric surgery syndrome	MONDO:0004566	DOID:8439	confirmed		
postpartum hypopituitarism	MONDO:0005152	icd11.foundation:768216194	added		
postpartum hypopituitarism	MONDO:0019618	DOID:9476	confirmed		
postpartum hypopituitarism	MONDO:0019618	NCIT:C35300	confirmed		
presenile dementia with bone cysts	MONDO:0009092	DOID:0090112	confirmed		
presenile dementia with bone cysts	MONDO:0020749	OMIM:221770	added		
primary adrenal insufficiency	MONDO:0100480	icd11.foundation:1920929898	added		MONDO:0015128
primary cardiomyopathy	MONDO:0000591	Wikipedia:Cardiomyopathy	unconfirmed		
primary cardiomyopathy	MONDO:0004994	icd11.foundation:282225286	added		
primary familial brain calcification	MONDO:0008947	Orphanet:1980	confirmed		
primary familial brain calcification	MONDO:0024538	OMIM:213600	added		
primary hypoadrenalism	MONDO:0015129	DOID:13774	confirmed		
primary hypoadrenalism	MONDO:0015129	NCIT:C26689	confirmed		
primary hypoadrenalism	MONDO:0100480	icd11.foundation:1920929898	added		
primary pulmonary hypertension	MONDO:0001999	DOID:14557	confirmed		
primary pulmonary hypertension	MONDO:0001999	ICD10CM:I27.0	confirmed		
primary pulmonary hypertension	MONDO:0015924	icd11.foundation:1931148955	added		
primary pulmonary hypertension	MONDO:0015924	icd11.foundation:1931148955	added		MONDO:0001999
prostate cancer	MONDO:0008315	DOID:10283	added		
prostate cancer	MONDO:0700275	OMIM:176807	added		
prostate cancer	MONDO:0700275	OMIM:176807	added		MONDO:0008315
proteasome-associated autoinflammatory syndrome 1	MONDO:0009726	DOID:0050553	added		
proteasome-associated autoinflammatory syndrome 1	MONDO:0009726	DOID:0050553	added		MONDO:0054698
proteasome-associated autoinflammatory syndrome 1	MONDO:0054698	NCIT:C176619	confirmed		
proteasome-associated autoinflammatory syndrome 1	MONDO:0054698	OMIM:256040	confirmed		
proximal myotonic myopathy	MONDO:0011266	NCIT:C84680	confirmed		
proximal myotonic myopathy	MONDO:0011266	OMIM:602668	confirmed		
proximal myotonic myopathy	MONDO:0011266	Orphanet:606	confirmed		
proximal myotonic myopathy	MONDO:0016107	ICD10CM:G71.11	added		
pseudo-TORCH syndrome 1	MONDO:0009626	DOID:0050656	added		
pseudo-TORCH syndrome 1	MONDO:0009626	DOID:0050656	added		MONDO:0020789
pseudo-TORCH syndrome 1	MONDO:0020789	OMIM:251290	confirmed		
pseudomembranous enterocolitis in newborn	MONDO:0004639	DOID:8677	confirmed		
pseudomembranous enterocolitis in newborn	MONDO:0005313	icd11.foundation:141267925	added		
pubertas praecox	MONDO:0000088	https://rarediseases.org/rare-diseases/precocious-puberty/	unconfirmed		
pubertas praecox	MONDO:0015791	icd11.foundation:1495024153	added		
pulmonary TB	MONDO:0006052	NCIT:C26899	confirmed		
pulmonary TB	MONDO:0957462	icd11.foundation:882244568	added		
pulmonary hypertension, primary	MONDO:0001999		unconfirmed		
pulmonary hypertension, primary	MONDO:0017148	OMIMPS:178600	added		
pulmonary tuberculosis	MONDO:0006052	DOID:2957	added		
pulmonary tuberculosis	MONDO:0957462	icd11.foundation:882244568	added		
pulmonary tuberculosis	MONDO:0957462	icd11.foundation:882244568	added		MONDO:0006052
pulmonary venolobar syndrome	MONDO:0007130	DOID:4297	confirmed		
pulmonary venolobar syndrome	MONDO:0015987	icd11.foundation:1321054364	added		
pyelonephritis	MONDO:0001085	ICD10CM:N10-N16	added		
pyelonephritis	MONDO:0001085	ICD10CM:N10-N16	added		MONDO:0006939
pyelonephritis	MONDO:0006939	DOID:11400	added		
radiculitis	MONDO:0002959	icd11.foundation:1802542189	added		
radiculitis	MONDO:0002959	icd11.foundation:1802542189	added		MONDO:0021765
radiculitis	MONDO:0021765	NCIT:C78581	confirmed		
refractory anemia with excess blasts in transformation	MONDO:0018874	ICD10CM:C92.0	added		MONDO:0015692
renal cell carcinoma, papillary, 1	MONDO:0003789	OMIM:605074	added		
renal cell carcinoma, papillary, 1	MONDO:0010456		unconfirmed		
renal pelvis benign neoplasm	MONDO:0003719	DOID:5977	added		
renal pelvis benign neoplasm	MONDO:0021467	MONDO:patterns/location	unconfirmed		
retinal degeneration	MONDO:0001451	icd11.foundation:1518234440	added		
retinal degeneration	MONDO:0001451	icd11.foundation:1518234440	added		MONDO:0004580
retinal degeneration	MONDO:0004580	DOID:8466	added		
retinitis pigmentosa and congenital deafness	MONDO:0010168		unconfirmed		
retinitis pigmentosa and congenital deafness	MONDO:0700087	OMIM:276900	added		
retinitis proliferans	MONDO:0100450	DOID:9719	confirmed		
retinitis proliferans	MONDO:0100450	https://clinicalgenome.org/affiliation/40072/	unconfirmed		
retinitis proliferans	MONDO:0700115	icd11.foundation:1908429642	added		
retinoblastoma	MONDO:0008380	DOID:768	confirmed		
retinoblastoma	MONDO:0008380	MONDO:Lexical	unconfirmed		
retinoblastoma	MONDO:0008380	NCIT:C7541	confirmed		
retinoblastoma	MONDO:0008380	Orphanet:790	confirmed		
retinoblastoma	MONDO:0008380	icd11.foundation:1855353671	confirmed		
retinoblastoma	MONDO:0018160	OMIM:180200	added		
retinoblastoma	MONDO:0018160	OMIM:180200	added		MONDO:0008380
rhinitis	MONDO:0003014	DOID:4483	added		
rhinitis	MONDO:0004514	icd11.foundation:1346915097	added		
rhinitis	MONDO:0004514	icd11.foundation:1346915097	added		MONDO:0003014
rippling muscle disease	MONDO:0019947	OMIM:606072	added		MONDO:0011634
salivary duct calculi	MONDO:0006970	icd11.foundation:1984849248	added		
salivary duct calculi	MONDO:0006970	icd11.foundation:1984849248	added		MONDO:0008400
salivary duct calculi	MONDO:0008400	OMIM:181010	confirmed		
sclerosing cholangitis	MONDO:0013433	icd11.foundation:857962451	added		
sclerosing cholangitis	MONDO:0013433	icd11.foundation:857962451	added		MONDO:0018646
sclerosing cholangitis	MONDO:0018646	DOID:14268	confirmed		
sclerosing cholangitis	MONDO:0018646	MONDO:ambiguous	unconfirmed		
sclerosing cholangitis	MONDO:0018646	NCIT:C4828	confirmed		
sclerosing cholangitis	MONDO:0018646	Orphanet:447771	confirmed		
secondary hypogonadism	MONDO:0005152	icd11.foundation:768216194	added		
secondary hypogonadism	MONDO:0018555	NCIT:C113347	confirmed		
serine deficiency	MONDO:0000421	DOID:0050721	added		
serine deficiency	MONDO:0018162	Orphanet:35705	confirmed		
severe combined immunodeficiency	MONDO:0015974	DOID:627	confirmed		
severe combined immunodeficiency	MONDO:0015974	MONDO:ambiguous	unconfirmed		
severe combined immunodeficiency	MONDO:0015974	NCIT:C3472	confirmed		
severe combined immunodeficiency	MONDO:0015974	Orphanet:183660	confirmed		
severe combined immunodeficiency	MONDO:0031520	OMIMPS:601457	added		
severe combined immunodeficiency	MONDO:0031520	OMIMPS:601457	added		MONDO:0015974
severe myoclonic epilepsy of infancy	MONDO:0100079	OMIM:607208	added		
severe myoclonic epilepsy of infancy	MONDO:0100135	DOID:0080422	confirmed		
severe myoclonic epilepsy of infancy	MONDO:0100135	NCIT:C116573	confirmed		
severe myoclonic epilepsy of infancy	MONDO:0100135	PMID:37498137	unconfirmed		
sexual precocity	MONDO:0000088	GARD:0007446	unconfirmed		
sexual precocity	MONDO:0000088	NCIT:C79704	confirmed		
sexual precocity	MONDO:0000088	https://rarediseases.org/rare-diseases/precocious-puberty/	unconfirmed		
sexual precocity	MONDO:0015791	icd11.foundation:1495024153	added		
situs inversus viscerum	MONDO:0010029	icd11.foundation:797648408	added	http://purl.obolibrary.org/obo/mondo#DEPRECATED	
situs inversus viscerum	MONDO:0700112		unconfirmed	http://purl.obolibrary.org/obo/mondo#DEPRECATED	
small intestine benign neoplasm	MONDO:0004251	DOID:7505	added		
small intestine benign neoplasm	MONDO:0021501	MONDO:patterns/location	unconfirmed		
sphenoid sinusitis	MONDO:0001123	icd11.foundation:627227610	added		
sphenoid sinusitis	MONDO:0001123	icd11.foundation:627227610	added		MONDO:0005964
sphenoid sinusitis	MONDO:0005964	DOID:10794	added		
sphenoidal sinus benign neoplasm	MONDO:0004047	DOID:6947	added		
sphenoidal sinus benign neoplasm	MONDO:0021477	MONDO:patterns/location	unconfirmed		
subglottis benign neoplasm	MONDO:0000933	DOID:10069	added		
subglottis benign neoplasm	MONDO:0021530	MONDO:patterns/location	unconfirmed		
sudanophilic cerebral sclerosis	MONDO:0010085	OMIM:272100	added		
sudanophilic cerebral sclerosis	MONDO:0018544	DOID:10588	confirmed		
suprarenogenic syndrome	MONDO:0009050	icd11.foundation:380861892	added		
suprarenogenic syndrome	MONDO:0018912		unconfirmed		
sweat gland benign neoplasm	MONDO:0002381	DOID:2664	added		
sweat gland benign neoplasm	MONDO:0021489	MONDO:patterns/location	unconfirmed		
syphilis	MONDO:0004944	ICD10CM:A52.3	added		
syphilis	MONDO:0004944	ICD10CM:A52.3	added		MONDO:0005976
syphilis	MONDO:0005976	DOID:4166	added		
tactile agnosia	MONDO:0000680	icd11.foundation:756147896	added		
tactile agnosia	MONDO:0000680	icd11.foundation:756147896	added		MONDO:0000681
tactile agnosia	MONDO:0000681	DOID:0060151	added		
testicular teratoma	MONDO:0018193	MONDO:ambiguous	unconfirmed		
testicular teratoma	MONDO:0018193	NCIT:C3877	confirmed		
testicular teratoma	MONDO:0018193	Orphanet:363483	confirmed		
testicular teratoma	MONDO:0021282	icd11.foundation:1214355345	added		
testicular teratoma	MONDO:0021282	icd11.foundation:1214355345	added		MONDO:0018193
throat inflammation	MONDO:0002258	MONDO:patterns/inflammatory_disease_by_site	unconfirmed		
throat inflammation	MONDO:0020600	icd11.foundation:1791890273	added		
thyrotoxicosis	MONDO:0010138	DOID:7997	added		
thyrotoxicosis	MONDO:0010138	ICD10CM:E05	added		
thyrotoxicosis	MONDO:0100489	OMIM:275000	added		
thyrotoxicosis	MONDO:0100489	OMIM:275000	added		MONDO:0010138
tonsillitis	MONDO:0001039	DOID:10456	added		
tonsillitis	MONDO:0020686	icd11.foundation:260431605	added		
tonsillitis	MONDO:0020686	icd11.foundation:260431605	added		MONDO:0001039
transcortical apraxia	MONDO:0000665	icd11.foundation:986651951	added		
transcortical apraxia	MONDO:0006800	DOID:4627	confirmed		
transthyretin amyloidosis	MONDO:0007100	DOID:0050638	added		
transthyretin amyloidosis	MONDO:0971004	OMIM:105210	added		
tuberculosis of gastrointestinal tract	MONDO:0005768	DOID:404	confirmed		
tuberculosis of gastrointestinal tract	MONDO:0957466	icd11.foundation:1873777499	added		
tuberculous lymphadenopathy	MONDO:0005831	DOID:4889	confirmed		
tuberculous lymphadenopathy	MONDO:0957461	icd11.foundation:870345553	added		
unilocular echinococcosis	MONDO:0005738	icd11.foundation:1456802165	added		
unilocular echinococcosis	MONDO:0018408	DOID:1495	confirmed		
urethral obstruction	MONDO:0001556	DOID:12577	confirmed		
urethral obstruction	MONDO:0001556	MONDO:ambiguous	unconfirmed		
urethral obstruction	MONDO:0002127	icd11.foundation:611219038	added		
urethral obstruction	MONDO:0002127	icd11.foundation:611219038	added		MONDO:0001556
uric acid urolithiasis	MONDO:0003652		unconfirmed		
uric acid urolithiasis	MONDO:0008629	DOID:0080654	added		
urticaria pigmentosa	MONDO:0019023	OMIM:154800	added		
urticaria pigmentosa	MONDO:0019316	DOID:12309	confirmed		
urticaria pigmentosa	MONDO:0019316	MONDO:0001489	unconfirmed		
urticaria pigmentosa	MONDO:0019316	NCIT:C3433	confirmed		
urticaria pigmentosa	MONDO:0019316	Orphanet:79457	confirmed		
urticaria pigmentosa	MONDO:0019316	icd11.foundation:245322245	confirmed		
vasopressin deficiency	MONDO:0007450	DOID:12388	confirmed		
vasopressin deficiency	MONDO:0007450	NCIT:C84933	confirmed		
vasopressin deficiency	MONDO:0015790	icd11.foundation:1009553897	added		
vibratory urticaria	MONDO:0006618	DOID:1554	added		
vibratory urticaria	MONDO:0007447	OMIM:125630	added		
vibratory urticaria	MONDO:0007447	OMIM:125630	added		MONDO:0006618
vitamin B12 deficiency	MONDO:0019220	DOID:0050731	added		MONDO:0020696
weak heart	MONDO:0005009	DOID:6000	confirmed		
weak heart	MONDO:0005252	icd11.foundation:1458683894	added		
web eye	MONDO:0001055	DOID:10526	confirmed		
web eye	MONDO:0005085	icd11.foundation:1207385905	added		
well-differentiated liposarcoma	MONDO:0005103	Orphanet:99971	confirmed		
well-differentiated liposarcoma	MONDO:0006097	DOID:5690	added		
well-differentiated liposarcoma	MONDO:0006097	DOID:5690	added		MONDO:0005103
